订单号,订单行,销售时间,交货时间,货品交货状况,货品,货品用户反馈,销售区域,数量,销售金额
P096311,10,2016/7/30,2016/9/30,晚交货,货品3,质量合格,华北,2,"1052,75元"
P096826,10,2016/8/30,2016/10/30,按时交货,货品3,质量合格,华北,10,"11,50万元"
,20,2016/8/30,2016/10/30,按时交货,货品3,质量合格,华北,10,"11,50万元"
P097435,10,2016/7/30,2016/9/30,按时交货,货品1,返修,华南,2,"6858,77元"
P097446,60,2016/11/26,2017/1/26,晚交货,货品3,质量合格,华北,15,"129,58元"
P097446,80,2016/11/26,2017/1/26,晚交货,货品3,拒货,华北,15,"32,39元"
P098065,10,2016/7/15,2016/10/15,按时交货,货品2,返修,华东,1,"22192,97元"
P098065,20,2016/8/10,2016/11/10,按时交货,货品1,质量合格,华南,1,"25723,04元"
P098823,10,2016/9/30,2016/11/30,按时交货,货品1,拒货,华南,2,"6934,75元"
P099725,10,2016/8/3,2016/11/3,晚交货,货品3,质量合格,华北,1,"1319,63元"
P101535,10,2016/7/15,2016/10/15,按时交货,货品3,返修,华北,,"700,53元"
,20,2016/8/22,2016/11/22,按时交货,货品3,返修,华北,4,"700,53元"
P098065,10,2016/7/15,2016/10/15,按时交货,货品2,返修,华东,1,"22192,97元"
P098065,20,2016/8/10,2016/11/10,按时交货,货品1,质量合格,华南,1,"25723,04元"
P098823,10,2016/9/30,2016/11/30,按时交货,货品1,拒货,华南,2,"6934,75元"
P099725,10,2016/8/3,2016/11/3,晚交货,货品3,质量合格,华北,1,"1319,63元"
P101535,10,2016/7/15,2016/10/15,按时交货,货品3,返修,华北,,"700,53元"
P109038,10,2016/12/30,2017/2/28,晚交货,货品2,返修,马来西亚,1,"2910,61元"
P109038,20,2016/12/30,2017/2/28,晚交货,货品2,质量合格,马来西亚,1,"2910,61元"
P109736,10,2016/12/30,2017/2/28,按时交货,货品1,拒货,华南,1,"30718,00元"
P110672,30,2016/7/15,2016/10/15,按时交货,货品1,拒货,华南,280,"19755,19元"
P110672,40,2016/9/15,2016/12/15,按时交货,货品1,质量合格,华南,280,"19755,19元"
P111812,10,2016/8/25,2016/10/25,按时交货,货品1,质量合格,华南,1,"17538,97元"
P111812,20,2016/8/25,2016/10/25,按时交货,货品1,拒货,华南,1,"17538,97元"
P112481,10,2016/9/12,2016/12/12,晚交货,货品2,拒货,马来西亚,1,"1140,53元"
P112700,10,2016/7/30,2016/9/30,按时交货,货品2,拒货,马来西亚,2,"44,19元"
P113276,10,2016/8/22,2016/11/22,晚交货,货品2,拒货,马来西亚,1,"38,97元"
P114322,10,2016/12/15,2017/3/15,晚交货,货品2,拒货,马来西亚,1,"200,61元"
P114322,10,2016/11/22,2017/2/22,晚交货,货品2,拒货,马来西亚,1,"200,61元"
P116102,10,2016/8/30,2016/10/30,按时交货,货品6,质量合格,马来西亚,1,"92,00元"
P117997,10,2016/8/25,2016/10/25,晚交货,货品2,拒货,马来西亚,1500,"4419,19元"
P121154,10,2016/7/30,2016/9/30,按时交货,货品3,质量合格,华北,1,"32,70万元"
P122051,10,2016/7/15,2016/10/15,按时交货,货品6,质量合格,马来西亚,,"42,76元"
P122441,10,2016/8/31,2016/10/31,按时交货,货品5,拒货,泰国,1,"348,74元"
P122603,10,2016/8/31,2016/10/31,按时交货,货品6,质量合格,马来西亚,1,"36,71元"
P122660,10,2016/8/31,2016/10/31,晚交货,货品2,返修,马来西亚,1,"152,59元"
P122837,10,2016/8/31,2016/10/31,按时交货,货品4,返修,西北,1,"399,94元"
P123073,10,2016/8/31,2016/10/31,按时交货,货品6,质量合格,马来西亚,4,"7,69元"
P123092,10,2016/10/1,2016/11/30,按时交货,货品5,质量合格,泰国,7,"104,90元"
P123140,10,2016/8/31,2016/10/31,按时交货,货品5,质量合格,泰国,1,"158,30元"
P123314,10,2016/10/1,2016/11/30,按时交货,货品6,质量合格,马来西亚,1,"7,50元"
P123487,10,2016/8/15,2016/11/15,按时交货,货品6,质量合格,马来西亚,1,"200,25元"
P123511,10,2016/12/10,2017/3/10,晚交货,货品2,拒货,华东,1,"6984,25元"
P114322,10,2016/11/22,2017/2/22,晚交货,货品2,拒货,马来西亚,1,"200,61元"
P116102,10,2016/8/30,2016/10/30,按时交货,货品6,质量合格,马来西亚,1,"92,00元"
P117997,10,2016/8/25,2016/10/25,晚交货,货品2,拒货,马来西亚,1500,"4419,19元"
P121154,10,2016/7/30,2016/9/30,按时交货,货品3,质量合格,华北,1,"32,70元"
P122051,10,2016/7/15,2016/10/15,按时交货,货品6,质量合格,马来西亚,,"42,76元"
P122441,10,2016/8/31,2016/10/31,,货品5,拒货,泰国,1,"348,74元"
P122603,10,2016/8/31,2016/10/31, 按时交货,货品6,质量合格,马来西亚,1,"36,71元"
P122660,10,2016/8/31,2016/10/31, 晚交货,货品2,返修,马来西亚,1,"152,59元"
P122837,10,2016/8/31,2016/10/31, 按时交货,货品4,返修,西北,1,"399,94元"
P123073,10,2016/8/31,2016/10/31, 按时交货,货品6,质量合格,马来西亚,4,"7,69元"
P123092,10,2016/10/1,2016/11/30, 按时交货,货品5,质量合格,泰国,7,"104,90元"
P123140,10,2016/8/31,2016/10/31, 按时交货,货品5,质量合格,泰国,1,"158,30元"
P123314,10,2016/10/1,2016/11/30, 按时交货,货品6,质量合格,马来西亚,1,"7,50元"
P123487,10,2016/8/15,2016/11/15, 按时交货,货品6,质量合格,马来西亚,1,"200,25元"
P123511,10,2016/12/10,2017/3/10, 晚交货,货品2,拒货,华东,1,"6984,25元"
P123511,10,2016/10/8,2017/1/8, 晚交货,货品2,拒货,华东,1,"6984,25元"
P123639,10,2016/8/15,2016/11/15,,货品6,质量合格,马来西亚,2,"15,51元"
P123703,10,2016/8/15,2016/11/15, 按时交货,货品6,质量合格,马来西亚,5,"7,09元"
P124553,10,2016/8/24,2016/11/24, 按时交货,货品6,质量合格,马来西亚,1,"15,46元"
P124855,10,2016/12/1,2017/1/31, 按时交货,货品6,质量合格,马来西亚,1,"22,59元"
P124940,10,2016/9/15,2016/12/15, 按时交货,货品5,质量合格,泰国,1,"205,42元"
P125296,10,2016/9/15,2016/12/15, 按时交货,货品6,质量合格,马来西亚,2,"31,24元"
P125385,10,2016/10/15,2017/1/15, 按时交货,货品6,质量合格,马来西亚,1,"44,91元"
P125534,10,2016/10/15,2017/1/15, 按时交货,货品5,返修,泰国,1,"127,29元"
P125535,10,2016/9/15,2016/12/15, 按时交货,货品5,返修,泰国,1,"109,75元"
P126485,10,2016/10/30,2016/12/30, 按时交货,货品5,拒货,泰国,1,"303,29元"
P126486,10,2016/10/30,2016/12/30, 按时交货,货品5,质量合格,泰国,1,"142,36元"
P126487,10,2016/10/30,2016/12/30, 按时交货,货品6,质量合格,马来西亚,1,"8,45元"
P126788,10,2016/12/30,2017/2/28, 晚交货,货品1,拒货,华南,1,"4485,39元"
P127037,10,2016/10/30,2016/12/30, 按时交货,货品4,质量合格,西北,1,"440,01元"
P127069,10,2016/10/30,2016/12/30, 晚交货,货品2,拒货,华东,1,"102,66元"
P127202,10,2016/10/15,2017/1/15, 按时交货,货品5,质量合格,泰国,1,"283,02元"
P128120,10,2016/12/1,2017/1/31, 按时交货,货品6,返修,马来西亚,1,"24,98元"
P128238,20,2016/7/30,2016/9/30, 晚交货,货品2,拒货,华东,1,"458,29元"
P128387,10,2016/11/30,2017/1/30, 按时交货,货品5,质量合格,泰国,1,"365,39元"
P128643,10,2016/12/1,2017/1/31, 按时交货,货品6,返修,马来西亚,1,"90,84元"
P129172,10,2016/8/29,2016/10/29, 晚交货,货品2,返修,华东,2,"13733,72元"
P129639,10,2016/11/15,2017/2/15, 按时交货,货品6,质量合格,马来西亚,1,"18,65元"
P129929,10,2016/12/30,2017/2/28, 按时交货,货品6,返修,马来西亚,1,"26,25元"
P129930,10,2016/12/30,2017/2/28, 按时交货,货品6,质量合格,马来西亚,1,"24,43元"
P130559,10,2016/12/30,2017/2/28, 按时交货,货品6,质量合格,马来西亚,1,"13,09元"
P132063,10,2016/7/30,2016/9/30, 按时交货,货品3,拒货,华北,2,"153,62元"
P132063,20,2016/7/30,2016/9/30, 按时交货,货品3,拒货,华北,2,"155,07元"
P132964,10,2016/11/16,2017/2/16, 晚交货,货品2,拒货,华东,1,"3599,76元"
P135728,10,2016/8/30,2016/10/30, 按时交货,货品3,质量合格,华北,4,"62,96元"
P135728,20,2016/8/30,2016/10/30, 按时交货,货品6,质量合格,马来西亚,4,"34,89元"
P135735,10,2016/11/30,2017/1/30, 按时交货,货品3,质量合格,华北,4,"62,96元"
P135735,20,2016/11/30,2017/1/30, 按时交货,货品6,质量合格,马来西亚,4,"34,89元"
P135737,10,2016/8/30,2016/10/30, 按时交货,货品3,质量合格,华北,4,"62,96元"
P135737,20,2016/8/30,2016/10/30, 按时交货,货品6,返修,马来西亚,4,"34,89元"
P135951,10,2016/9/25,2016/11/25, 按时交货,货品1,质量合格,西北,1,"90000,46元"
P135951,20,2016/9/25,2016/11/25, 按时交货,货品1,质量合格,华南,1,"92595,22元"
P137613,10,2016/8/31,2016/10/31, 按时交货,货品3,质量合格,华北,1,"75,32元"
P137613,20,2016/8/31,2016/10/31, 按时交货,货品3,质量合格,华北,1,"47,58元"
P138559,10,2016/8/30,2016/10/30, 按时交货,货品1,质量合格,华北,1,"13712,80元"
P144800,10,2016/8/16,2016/11/16, 晚交货,货品3,拒货,华北,1,"1367,02元"
P144841,10,2016/8/24,2016/11/24, 按时交货,货品5,质量合格,泰国,1,"329,98元"
P146012,10,2016/10/17,2017/1/17, 晚交货,货品2,拒货,华东,1,"19283,90元"
P146166,10,2016/7/30,2016/9/30, 晚交货,货品2,拒货,华东,1,"557,17元"
P150740,10,2016/7/30,2016/9/30, 按时交货,货品4,质量合格,西北,2,"351,52元"
P150740,20,2016/7/30,2016/9/30, 晚交货,货品4,质量合格,西北,2,"371,15元"
P152820,10,2016/7/30,2016/9/30, 按时交货,货品3,质量合格,华北,40,"34,07元"
P152820,20,2016/7/30,2016/9/30, 按时交货,货品3,返修,华北,40,"34,07元"
P153464,10,2016/11/30,2017/1/30, 按时交货,货品6,质量合格,马来西亚,1,"683,68元"
P153464,20,2016/11/30,2017/1/30, 按时交货,货品6,质量合格,马来西亚,1,"683,68元"
P155360,10,2016/11/7,2017/2/7, 晚交货,货品2,拒货,华东,1,"2978,48元"
P155360,20,2016/10/1,2016/11/30, 晚交货,货品2,拒货,华东,1,"0,00元"
P155427,10,2016/8/12,2016/11/12, 晚交货,货品2,拒货,华东,1,"154,06元"
P155700,10,2016/7/30,2016/9/30, 按时交货,货品6,返修,马来西亚,2,"200,79元"
P158480,10,2016/7/20,2016/10/20, 按时交货,货品3,质量合格,华北,80,"151,98元"
P158480,20,2016/7/20,2016/10/20, 按时交货,货品3,质量合格,华北,96,"77,10元"
P159946,10,2016/8/15,2016/11/15, 晚交货,货品2,返修,华东,21,"2219,87元"
P159952,10,2016/9/30,2016/11/30, 晚交货,货品2,拒货,华东,21,"357,52元"
P161989,10,2016/8/15,2016/11/15, 晚交货,货品3,质量合格,华北,6,"3034,66元"
P162144,10,2016/9/12,2016/12/12, 晚交货,货品2,拒货,华东,1500,"4135,11元"
P163341,10,2016/8/30,2016/10/30, 晚交货,货品2,质量合格,华东,1,"2,22元"
P163341,20,2016/8/30,2016/10/30, 按时交货,货品6,返修,马来西亚,1,"1,38元"
P163365,10,2016/7/20,2016/10/20, 按时交货,货品3,拒货,华北,2,"21,00元"
P164647,10,2016/7/15,2016/10/15, 按时交货,货品3,返修,华北,1,"3488,41元"
P165493,10,2016/7/30,2016/9/30, 按时交货,货品3,返修,华北,2,"7,15元"
P165641,10,2016/8/25,2016/10/25, 按时交货,货品6,质量合格,马来西亚,24,"14,85元"
P165641,20,2016/8/25,2016/10/25, 按时交货,货品6,返修,马来西亚,24,"14,85元"
P165673,10,2016/7/30,2016/9/30, 按时交货,货品2,返修,华东,1,"268,59元"
P165673,20,2016/7/30,2016/9/30, 按时交货,货品2,质量合格,华东,1,"109,76元"
P165692,10,2016/7/15,2016/10/15, 按时交货,货品6,质量合格,马来西亚,6,"548,58元"
P165692,20,2016/7/15,2016/10/15, 按时交货,货品6,质量合格,马来西亚,6,"548,58元"
P166323,10,2016/7/29,2016/9/29, 按时交货,货品3,返修,华北,4,"790,73元"
P167201,10,2016/7/30,2016/9/30, 按时交货,货品6,返修,马来西亚,1,"11,84元"
P167388,10,2016/7/30,2016/9/30, 晚交货,货品4,质量合格,西北,2,"763,17元"
P167411,10,2016/7/20,2016/10/20, 按时交货,货品2,质量合格,华东,1,"423,36元"
P167411,20,2016/7/20,2016/10/20, 按时交货,货品2,返修,华东,1,"423,36元"
P167417,10,2016/7/20,2016/10/20, 按时交货,货品2,质量合格,华东,1,"423,36元"
P167417,20,2016/7/20,2016/10/20, 按时交货,货品2,质量合格,华东,1,"423,36元"
P167981,10,2016/8/10,2016/11/10, 晚交货,货品2,质量合格,华东,1,"545,98元"
P171760,10,2016/8/29,2016/10/29, 按时交货,货品3,质量合格,华北,2,"924,65元"
P171890,10,2016/8/22,2016/11/22, 按时交货,货品3,拒货,华北,1,"2628,66元"
P173979,10,2016/7/20,2016/10/20, 按时交货,货品3,拒货,华北,2,"94,67元"
P174082,10,2016/7/30,2016/9/30, 按时交货,货品6,返修,马来西亚,2,"23,67元"
P174127,10,2016/7/30,2016/9/30, 按时交货,货品3,质量合格,华北,1,"747,37元"
P175427,10,2016/12/30,2017/2/28, 按时交货,货品2,拒货,华东,288,"210,62元"
P175427,20,2016/12/30,2017/2/28, 按时交货,货品2,拒货,华东,288,"210,62元"
P175433,10,2016/7/30,2016/9/30, 按时交货,货品3,质量合格,华北,1,"1741,40元"
P175447,10,2016/9/15,2016/12/15, 按时交货,货品2,质量合格,华东,1,"460,09元"
P175451,10,2016/8/15,2016/11/15, 晚交货,货品4,返修,西北,1,"737,45元"
P175498,10,2016/8/15,2016/11/15, 按时交货,货品5,返修,泰国,1,"191,87元"
P175591,10,2016/10/1,2016/11/30, 按时交货,货品2,拒货,华东,2,"26,29元"
P176334,10,2016/7/15,2016/10/15, 按时交货,货品6,返修,马来西亚,84,"543,49元"
P176334,20,2016/7/15,2016/10/15, 按时交货,货品6,质量合格,马来西亚,84,"543,49元"
P177109,10,2016/7/30,2016/9/30, 按时交货,货品5,质量合格,泰国,1,"114,96元"
P177282,10,2016/7/20,2016/10/20, 按时交货,货品3,质量合格,华北,1,"236,16元"
P178157,10,2016/7/30,2016/9/30, 按时交货,货品2,拒货,华东,1,"749,84元"
P178157,20,2016/7/30,2016/9/30, 按时交货,货品2,返修,华东,1,"749,84元"
P178212,10,2016/7/30,2016/9/30, 按时交货,货品5,质量合格,泰国,1,"85,60元"
P178212,20,2016/7/30,2016/9/30, 按时交货,货品5,质量合格,泰国,1,"85,60元"
P178341,10,2016/8/31,2016/10/31, 按时交货,货品3,质量合格,华北,1,"3285,04元"
P178343,10,2016/8/12,2016/11/12, 按时交货,货品1,质量合格,华北,1,"10446,44元"
P178381,10,2016/7/15,2016/10/15, 按时交货,货品6,返修,马来西亚,1,"42,64元"
P178437,10,2016/7/12,2016/10/12, 晚交货,货品2,返修,华东,1,"6832,89元"
P180516,10,2016/7/20,2016/10/20, 按时交货,货品2,拒货,华东,2,"1,38元"
P181098,10,2016/7/30,2016/9/30, 按时交货,货品2,拒货,华东,2,"2,77元"
P181098,20,2016/7/30,2016/9/30, 按时交货,货品2,拒货,华东,2,"2,77元"
P181184,10,2016/8/30,2016/10/30, 按时交货,货品6,质量合格,马来西亚,28,"9,17元"
P181184,20,2016/8/30,2016/10/30, 按时交货,货品6,质量合格,马来西亚,28,"9,17元"
P181233,10,2016/7/30,2016/9/30, 按时交货,货品2,拒货,华东,1,"287,49元"
P181846,10,2016/10/1,2016/11/30, 按时交货,货品1,返修,华北,1,"6769,22元"
P181907,10,2016/7/30,2016/9/30, 按时交货,货品6,返修,马来西亚,1,"36,67元"
P181953,10,2016/7/30,2016/9/30, 按时交货,货品5,拒货,泰国,60,"124,11元"
P181988,10,2016/7/30,2016/9/30, 按时交货,货品3,质量合格,华北,12,"59,72元"
P181988,20,2016/7/30,2016/9/30, 按时交货,货品3,质量合格,华北,2,"5,24元"
P182017,10,2016/7/15,2016/10/15, 按时交货,货品4,返修,西北,1,"759,55元"
P182776,10,2016/7/30,2016/9/30, 按时交货,货品3,质量合格,华北,1,"65,39元"
P182781,10,2016/7/30,2016/9/30, 按时交货,货品5,质量合格,泰国,8,"77,12元"
P182781,20,2016/7/30,2016/9/30, 按时交货,货品5,返修,泰国,1,"23,54元"
P182817,10,2016/7/30,2016/9/30, 按时交货,货品4,返修,西北,4,"501,85元"
P182850,10,2016/10/1,2016/11/30, 按时交货,货品2,拒货,华东,6,"114,80元"
P182916,10,2016/7/30,2016/9/30, 按时交货,货品5,质量合格,泰国,1,"392,14元"
P183648,10,2016/11/30,2017/1/30, 按时交货,货品2,拒货,华东,2,"1,57元"
P183648,20,2016/11/30,2017/1/30, 按时交货,货品2,返修,华东,2,"104,42元"
P183742,20,2016/7/15,2016/10/15, 按时交货,货品2,返修,华东,1,"3818,00元"
P183790,10,2016/7/30,2016/9/30, 按时交货,货品5,质量合格,泰国,1,"46,82元"
P183790,20,2016/7/30,2016/9/30, 按时交货,货品5,质量合格,泰国,3,"63,41元"
P183956,10,2016/8/15,2016/11/15, 按时交货,货品6,质量合格,马来西亚,1,"1141,36元"
P184524,10,2016/7/15,2016/10/15, 按时交货,货品2,返修,华东,1,"87,03元"
P184529,10,2016/8/15,2016/11/15, 按时交货,货品5,拒货,泰国,108,"140,21元"
P184529,20,2016/8/15,2016/11/15, 按时交货,货品5,返修,泰国,108,"140,21元"
P184532,10,2016/8/15,2016/11/15, 按时交货,货品2,返修,华东,24,"311,57元"
P184532,20,2016/8/15,2016/11/15, 按时交货,货品2,拒货,华东,24,"311,57元"
P184547,10,2016/7/5,2016/10/5, 按时交货,货品3,返修,华北,1260,"342,93元"
P184577,10,2016/7/30,2016/9/30, 按时交货,货品6,返修,马来西亚,6,"397,15元"
P184577,20,2016/7/30,2016/9/30, 按时交货,货品6,质量合格,马来西亚,6,"935,67元"
P185334,10,2016/7/30,2016/9/30, 按时交货,货品6,质量合格,马来西亚,1,"30,17元"
P185338,10,2016/7/30,2016/9/30, 按时交货,货品6,质量合格,马来西亚,10,"63,14元"
P185347,10,2016/7/30,2016/9/30, 按时交货,货品5,质量合格,泰国,10,"96,54元"
P185372,10,2016/7/30,2016/9/30, 按时交货,货品5,质量合格,泰国,5,"339,82元"
P186240,10,2016/12/30,2017/2/28, 按时交货,货品2,拒货,华东,2,"1438,86元"
P186240,20,2016/12/30,2017/2/28, 按时交货,货品2,拒货,华东,2,"1791,67元"
P186293,10,2016/7/30,2016/9/30, 按时交货,货品6,质量合格,马来西亚,1,"29,98元"
P186308,10,2016/9/9,2016/12/9, 按时交货,货品3,质量合格,华北,400,"282,88元"
P186432,10,2016/9/6,2016/12/6, 晚交货,货品2,拒货,华东,1,"23715,31元"
P186463,10,2016/7/27,2016/9/27, 按时交货,货品3,返修,华北,100,"94,02元"
P186522,10,2016/8/30,2016/10/30, 按时交货,货品2,返修,华东,268,"20,44元"
P186522,20,2016/8/30,2016/10/30, 按时交货,货品2,拒货,华东,268,"20,44元"
P187216,10,2016/7/15,2016/10/15, 按时交货,货品2,拒货,华东,80,"142,65元"
P187230,10,2016/10/30,2016/12/30, 按时交货,货品2,质量合格,华东,2,"1374,73元"
P187241,10,2016/7/30,2016/9/30, 按时交货,货品1,质量合格,华北,1,"3528,65元"
P187332,10,2016/10/1,2016/11/30, 按时交货,货品5,拒货,泰国,1,"396,24元"
P187346,10,2016/7/9,2016/10/9, 按时交货,货品2,返修,华东,2,"2,75元"
P187379,10,2016/7/25,2016/9/25, 按时交货,货品3,质量合格,华北,12,"9,14元"
P187396,10,2016/12/30,2017/2/28, 按时交货,货品3,质量合格,华北,4,"27,43元"
P187396,20,2016/12/30,2017/2/28, 按时交货,货品3,返修,华北,2,"128,93元"
P188071,10,2016/7/30,2016/9/30, 按时交货,货品3,拒货,华北,5,"45,62元"
P188074,10,2016/7/10,2016/10/10, 按时交货,货品2,质量合格,华东,2,"320,23元"
P188074,20,2016/7/10,2016/10/10, 按时交货,货品2,质量合格,华东,2,"320,23元"
P188157,10,2016/7/30,2016/9/30, 按时交货,货品6,质量合格,马来西亚,1,"84,72元"
P188200,10,2016/7/30,2016/9/30, 按时交货,货品3,返修,华北,1,"2517,52元"
P188745,10,2016/7/15,2016/10/15, 按时交货,货品2,质量合格,华东,16,"3059,70元"
P188753,10,2016/7/30,2016/9/30, 按时交货,货品6,质量合格,马来西亚,1,"31,95元"
P188755,10,2016/8/15,2016/11/15, 按时交货,货品2,质量合格,华东,1,"717,77元"
P188799,10,2016/9/30,2016/11/30, 按时交货,货品3,质量合格,华北,168,"110,09元"
P188799,20,2016/9/30,2016/11/30, 按时交货,货品3,质量合格,华北,18,"16,46元"
P189459,10,2016/9/9,2016/12/9, 按时交货,货品3,质量合格,华北,8,"9,12元"
P189459,20,2016/9/9,2016/12/9, 按时交货,货品3,质量合格,华北,8,"9,12元"
P189594,10,2016/7/25,2016/9/25, 按时交货,货品2,拒货,华东,1,"363,62元"
P189689,10,2016/7/30,2016/9/30, 按时交货,货品2,返修,华东,1,"97,47元"
P190212,10,2016/7/11,2016/10/11, 按时交货,货品5,返修,泰国,2,"108,56元"
P190354,10,2016/8/31,2016/10/31, 按时交货,货品6,质量合格,马来西亚,50,"5,46元"
P190354,20,2016/8/31,2016/10/31, 按时交货,货品6,质量合格,马来西亚,50,"38,85元"
P190421,10,2016/7/30,2016/9/30, 按时交货,货品6,质量合格,马来西亚,10,"29,24元"
P191037,20,2016/8/30,2016/10/30, 按时交货,货品5,质量合格,泰国,1,"150,70元"
P191042,10,2016/8/29,2016/10/29, 按时交货,货品2,质量合格,华东,1,"554,59元"
P191043,10,2016/8/29,2016/10/29, 按时交货,货品2,返修,华东,1,"554,59元"
P191053,10,2016/7/30,2016/9/30, 按时交货,货品6,质量合格,马来西亚,30,"45,61元"
P191078,10,2016/7/30,2016/9/30, 按时交货,货品6,质量合格,马来西亚,1,"45,61元"
P191107,10,2016/7/15,2016/10/15, 按时交货,货品6,质量合格,马来西亚,1,"58,68元"
P191298,10,2016/7/30,2016/9/30, 按时交货,货品3,质量合格,华北,1,"121,62元"
P191298,20,2016/7/30,2016/9/30, 按时交货,货品3,质量合格,华北,1,"144,43元"
P191330,10,2016/8/15,2016/11/15, 按时交货,货品3,质量合格,华北,1,"255,41元"
P192017,10,2016/7/30,2016/9/30, 按时交货,货品6,质量合格,马来西亚,1,"69,61元"
P192142,10,2016/7/16,2016/10/16, 按时交货,货品6,质量合格,马来西亚,2,"1428,40元"
P192142,20,2016/7/16,2016/10/16, 按时交货,货品6,质量合格,马来西亚,1,"753,16元"
P192191,10,2016/7/30,2016/9/30, 按时交货,货品5,质量合格,泰国,50,"76,22元"
P192191,20,2016/7/30,2016/9/30, 按时交货,货品5,质量合格,泰国,5,"78,89元"
P192214,10,2016/7/30,2016/9/30, 按时交货,货品5,返修,泰国,20,"109,08元"
P192464,10,2016/7/30,2016/9/30, 按时交货,货品2,质量合格,华东,1,"2508,67元"
P192809,10,2016/7/30,2016/9/30, 按时交货,货品6,质量合格,马来西亚,20,"66,96元"
P192809,20,2016/7/30,2016/9/30, 按时交货,货品6,质量合格,马来西亚,2,"6,70元"
P192854,10,2016/7/30,2016/9/30, 按时交货,货品3,拒货,华北,2,"73,62元"
P192857,10,2016/7/15,2016/10/15, 按时交货,货品6,质量合格,马来西亚,5,"17,90元"
P192857,20,2016/7/15,2016/10/15, 按时交货,货品6,质量合格,马来西亚,5,"31,32元"
P192879,10,2016/8/25,2016/10/25, 晚交货,货品4,返修,西北,1,"485,46元"
P192954,30,2016/7/30,2016/9/30, 按时交货,货品2,质量合格,华东,4,"222,15元"
P193041,10,2016/9/10,2016/12/10, 按时交货,货品2,质量合格,华东,268,"191,31元"
P193041,20,2016/9/10,2016/12/10, 按时交货,货品2,质量合格,华东,268,"191,31元"
P193600,10,2016/7/20,2016/10/20, 晚交货,货品2,拒货,华东,1,"70,73元"
P193601,10,2016/8/25,2016/10/25, 按时交货,货品2,质量合格,华东,1,"1635,62元"
P193601,20,2016/8/25,2016/10/25, 按时交货,货品2,质量合格,华东,5,"73,03元"
P193603,10,2016/8/20,2016/11/20, 按时交货,货品2,质量合格,华东,4,"78,72元"
P193603,20,2016/8/20,2016/11/20, 按时交货,货品2,质量合格,华东,4,"78,72元"
P193605,10,2016/8/15,2016/11/15, 按时交货,货品2,质量合格,华东,4,"78,72元"
P193605,20,2016/8/15,2016/11/15, 按时交货,货品2,质量合格,华东,4,"78,72元"
P193621,10,2016/7/30,2016/9/30, 按时交货,货品5,质量合格,泰国,500,"378,75元"
P193623,10,2016/7/30,2016/9/30, 按时交货,货品6,质量合格,马来西亚,7,"56,88元"
P193626,10,2016/7/30,2016/9/30, 晚交货,货品4,返修,西北,350,"473,80元"
P193626,20,2016/7/30,2016/9/30, 晚交货,货品4,返修,西北,40,"7,29元"
P193655,10,2016/7/30,2016/9/30, 按时交货,货品6,质量合格,马来西亚,294,"732,98元"
P193655,20,2016/7/30,2016/9/30, 按时交货,货品6,质量合格,马来西亚,276,"514,51元"
P193657,10,2016/7/30,2016/9/30, 按时交货,货品2,拒货,华东,5,"20,83元"
P193657,20,2016/7/30,2016/9/30, 按时交货,货品2,拒货,华东,30,"50,76元"
P193678,10,2016/8/20,2016/11/20, 按时交货,货品2,质量合格,华东,4,"19,80元"
P193678,20,2016/8/20,2016/11/20, 按时交货,货品2,质量合格,华东,4,"19,80元"
P193716,10,2016/10/30,2016/12/30, 按时交货,货品2,质量合格,华东,1,"693,39元"
P193749,10,2016/7/30,2016/9/30, 按时交货,货品5,质量合格,泰国,1,"141,63元"
P193787,10,2016/7/30,2016/9/30, 按时交货,货品6,质量合格,马来西亚,1,"35,03元"
P193787,20,2016/7/30,2016/9/30, 按时交货,货品6,质量合格,马来西亚,1,"35,03元"
P193848,10,2016/8/6,2016/11/6, 按时交货,货品1,返修,华北,704,"2846,73元"
P193848,20,2016/8/6,2016/11/6, 按时交货,货品1,返修,华北,704,"2654,18元"
P193866,10,2016/11/15,2017/2/15, 按时交货,货品6,质量合格,马来西亚,200,"697,82元"
P193866,20,2016/11/15,2017/2/15, 按时交货,货品6,质量合格,马来西亚,110,"326,14元"
P193877,10,2016/9/15,2016/12/15, 按时交货,货品1,返修,华北,704,"2846,73元"
P193877,20,2016/9/15,2016/12/15, 按时交货,货品1,返修,华北,704,"2654,18元"
P194443,30,2016/10/10,2017/1/10, 按时交货,货品1,返修,华北,1,"13014,26元"
P194443,70,2016/10/10,2017/1/10, 按时交货,货品1,返修,华北,1,"10546,64元"
P194452,10,2016/7/29,2016/9/29, 按时交货,货品6,质量合格,马来西亚,2,"61,90元"
P194453,10,2016/7/15,2016/10/15, 按时交货,货品6,质量合格,马来西亚,5,"90,48元"
P194577,10,2016/9/15,2016/12/15, 按时交货,货品2,质量合格,华东,2,"121,73元"
P194579,10,2016/8/15,2016/11/15, 按时交货,货品2,质量合格,华东,2,"121,73元"
P194590,10,2016/7/30,2016/9/30, 按时交货,货品6,质量合格,马来西亚,500,"46,33元"
P194657,10,2016/7/29,2016/9/29, 按时交货,货品6,质量合格,马来西亚,2,"1,82元"
P194689,10,2016/7/30,2016/9/30, 按时交货,货品2,质量合格,华东,1,"289,10元"
P194756,20,2016/8/15,2016/11/15, 按时交货,货品2,返修,华东,15,"97,54元"
P194756,30,2016/8/15,2016/11/15, 按时交货,货品2,返修,华东,2,"4,38元"
P194764,10,2016/7/15,2016/10/15, 按时交货,货品3,质量合格,华北,1,"408,53元"
P195344,10,2016/7/15,2016/10/15, 晚交货,货品4,返修,西北,12,"658,68元"
P195347,10,2016/7/1,2016/10/1, 按时交货,货品2,质量合格,华东,2,"5,18元"
P195347,20,2016/7/1,2016/10/1, 按时交货,货品2,质量合格,华东,2,"5,63元"
P195354,10,2016/7/15,2016/10/15, 按时交货,货品6,质量合格,马来西亚,2,"24,73元"
P195356,10,2016/7/30,2016/9/30, 按时交货,货品5,返修,泰国,4,"51,70元"
P195356,20,2016/7/30,2016/9/30, 按时交货,货品5,返修,泰国,4,"51,70元"
P195359,10,2016/12/15,2017/3/15, 按时交货,货品1,返修,华北,1,"16758,17元"
P195359,10,2016/11/22,2017/2/22, 晚交货,货品1,返修,华北,1,"16758,17元"
P195471,10,2016/7/30,2016/9/30, 按时交货,货品3,质量合格,华北,1,"7,80元"
P195517,10,2016/7/30,2016/9/30, 按时交货,货品2,拒货,华东,12,"54,81元"
P195517,20,2016/7/30,2016/9/30, 按时交货,货品2,拒货,华东,1,"15,99元"
P195537,10,2016/8/10,2016/11/10, 按时交货,货品6,质量合格,马来西亚,1,"1009,93元"
P197569,10,2016/7/15,2016/10/15, 按时交货,货品3,质量合格,华北,1,"38,73元"
P197573,10,2016/9/9,2016/12/9, 按时交货,货品2,返修,华东,200,"36,89元"
P197573,20,2016/9/9,2016/12/9, 按时交货,货品2,返修,华东,200,"73,05元"
P197578,10,2016/7/30,2016/9/30, 按时交货,货品6,质量合格,马来西亚,2,"10,55元"
P197578,20,2016/7/30,2016/9/30, 按时交货,货品6,质量合格,马来西亚,1,"8,47元"
P197591,40,2016/7/7,2016/10/7, 按时交货,货品2,质量合格,华东,1,"9,90元"
P197591,50,2016/7/7,2016/10/7, 按时交货,货品2,质量合格,华东,10,"44,30元"
P197594,10,2016/7/30,2016/9/30, 按时交货,货品2,质量合格,华东,60,"45,34元"
P197642,10,2016/11/10,2017/2/10, 按时交货,货品2,质量合格,华东,2,"570,76元"
P197642,20,2016/10/9,2017/1/9, 按时交货,货品2,质量合格,华东,2,"570,76元"
P197650,10,2016/8/30,2016/10/30, 按时交货,货品2,质量合格,华东,268,"20,35元"
P197650,20,2016/8/30,2016/10/30, 按时交货,货品2,质量合格,华东,268,"20,35元"
P197654,10,2016/7/30,2016/9/30, 按时交货,货品3,拒货,华北,1,"73,52元"
P197656,10,2016/7/30,2016/9/30, 按时交货,货品3,质量合格,华北,1,"235,17元"
P197683,10,2016/7/30,2016/9/30, 按时交货,货品3,拒货,华北,1,"75,92元"
P197684,10,2016/9/15,2016/12/15, 按时交货,货品2,质量合格,华东,1,"512,46元"
P197684,20,2016/9/15,2016/12/15, 按时交货,货品2,质量合格,华东,1,"512,46元"
P197694,10,2016/9/20,2016/12/20, 按时交货,货品2,拒货,华东,4,"59,83元"
P197834,10,2016/11/14,2017/2/14, 按时交货,货品1,返修,华北,1,"3921,26元"
P198593,10,2016/10/30,2016/12/30, 按时交货,货品2,返修,华东,8600,"3012,88元"
P198593,20,2016/10/30,2016/12/30, 按时交货,货品2,返修,华东,4400,"1541,47元"
P198615,10,2016/7/19,2016/10/19, 按时交货,货品3,质量合格,华北,300,"280,50元"
P198692,10,2016/10/26,2016/12/26, 按时交货,货品5,质量合格,泰国,1,"226,84元"
P198931,10,2016/9/30,2016/11/30, 按时交货,货品3,质量合格,华北,1,"1491,15元"
P198931,20,2016/9/30,2016/11/30, 按时交货,货品3,质量合格,华北,1,"1491,15元"
P199483,10,2016/8/30,2016/10/30, 按时交货,货品3,质量合格,华北,3,"31,17元"
P199534,10,2016/11/15,2017/2/15, 按时交货,货品2,质量合格,华东,2,"1489,11元"
P199534,20,2016/11/15,2017/2/15, 按时交货,货品2,质量合格,华东,2,"1489,11元"
P199591,10,2016/8/20,2016/11/20, 按时交货,货品3,质量合格,华北,6,"3,92元"
P199660,10,2016/8/31,2016/10/31, 按时交货,货品5,质量合格,泰国,1,"296,30元"
P199757,10,2016/7/15,2016/10/15, 按时交货,货品2,质量合格,华东,1,"38,33元"
P200357,10,2016/8/15,2016/11/15, 晚交货,货品4,返修,西北,20,"592,18元"
P200365,10,2016/7/15,2016/10/15, 按时交货,货品6,质量合格,马来西亚,1,"7,27元"
P200365,20,2016/7/15,2016/10/15, 按时交货,货品6,质量合格,马来西亚,20,"66,96元"
P200397,10,2016/7/15,2016/10/15, 按时交货,货品5,质量合格,泰国,4,"129,78元"
P200404,10,2016/7/15,2016/10/15, 按时交货,货品6,质量合格,马来西亚,5,"71,38元"
P200407,50,2016/8/31,2016/10/31, 按时交货,货品6,质量合格,马来西亚,7,"1,82元"
P200407,60,2016/8/31,2016/10/31, 按时交货,货品6,质量合格,马来西亚,7,"8,05元"
P200634,10,2016/7/30,2016/9/30, 按时交货,货品5,质量合格,泰国,34,"100,72元"
P200634,20,2016/7/30,2016/9/30, 按时交货,货品5,质量合格,泰国,16,"87,46元"
P200704,10,2016/7/25,2016/9/25, 按时交货,货品2,返修,华东,1,"3114,67元"
P200704,20,2016/7/25,2016/9/25, 按时交货,货品2,返修,华东,1,"648,89元"
P201337,10,2016/7/30,2016/9/30, 按时交货,货品2,质量合格,华东,1,"246,40元"
P201354,10,2016/7/30,2016/9/30, 按时交货,货品2,质量合格,华东,1,"596,55元"
P201413,10,2016/7/30,2016/9/30, 按时交货,货品2,拒货,华东,150,"64,21元"
P201413,20,2016/7/30,2016/9/30, 按时交货,货品2,拒货,华东,20,"21,79元"
P201855,10,2016/8/30,2016/10/30, 按时交货,货品5,质量合格,泰国,1,"125,18元"
P202374,10,2016/8/31,2016/10/31, 按时交货,货品6,质量合格,马来西亚,1,"7,39元"
P202430,10,2016/8/30,2016/10/30, 按时交货,货品5,质量合格,泰国,1,"204,86元"
P203009,10,2016/10/20,2017/1/20, 按时交货,货品3,质量合格,华北,1,"683,73元"
P203009,20,2016/10/20,2017/1/20, 按时交货,货品3,质量合格,华北,1,"683,73元"
P203021,20,2016/11/9,2017/2/9, 按时交货,货品2,质量合格,华东,1,"922,07元"
P203021,40,2016/11/9,2017/2/9, 按时交货,货品2,质量合格,华东,1,"655,81元"
P203031,10,2016/8/15,2016/11/15, 按时交货,货品6,质量合格,马来西亚,1,"51,95元"
P203034,10,2016/7/15,2016/10/15, 晚交货,货品4,返修,西北,1,"474,00元"
P203037,10,2016/10/30,2016/12/30, 按时交货,货品3,质量合格,华北,1,"439,07元"
P203037,20,2016/10/30,2016/12/30, 按时交货,货品3,质量合格,华北,1,"439,07元"
P203052,10,2016/7/15,2016/10/15, 按时交货,货品6,质量合格,马来西亚,1,"29,87元"
P203058,10,2016/7/30,2016/9/30, 按时交货,货品2,质量合格,华东,1,"20,52元"
P203180,10,2016/10/1,2016/11/30, 按时交货,货品2,拒货,华东,4,"32,54元"
P203180,20,2016/10/1,2016/11/30, 按时交货,货品2,拒货,华东,4,"32,54元"
P203189,10,2016/7/15,2016/10/15, 按时交货,货品2,拒货,华东,3,"58,44元"
P203379,10,2016/12/30,2017/2/28, 按时交货,货品2,质量合格,华东,6,"680,71元"
P203379,20,2016/12/30,2017/2/28, 按时交货,货品2,质量合格,华东,6,"680,71元"
P203918,10,2016/9/15,2016/12/15, 按时交货,货品5,返修,泰国,1,"91,97元"
P203918,20,2016/9/9,2016/12/9, 按时交货,货品5,返修,泰国,1,"12,16元"
P203964,10,2016/8/25,2016/10/25, 按时交货,货品3,质量合格,华北,2,"280,64元"
P203964,20,2016/8/25,2016/10/25, 按时交货,货品3,质量合格,华北,4,"710,86元"
P203993,10,2016/7/30,2016/9/30, 按时交货,货品3,质量合格,华北,1,"6,24元"
P204153,10,2016/7/30,2016/9/30, 按时交货,货品3,质量合格,华北,1,"18,06元"
P204690,10,2016/9/30,2016/11/30, 按时交货,货品5,质量合格,泰国,1,"197,28元"
P204690,20,2016/9/30,2016/11/30, 按时交货,货品5,质量合格,泰国,1,"197,28元"
P204697,10,2016/7/15,2016/10/15, 按时交货,货品2,拒货,华东,1,"75,61元"
P204855,10,2016/7/30,2016/9/30, 按时交货,货品6,质量合格,马来西亚,1,"44,17元"
P204891,10,2016/7/30,2016/9/30, 按时交货,货品2,质量合格,华东,1,"121,43元"
P204932,10,2016/7/30,2016/9/30, 按时交货,货品6,质量合格,马来西亚,1,"88,45元"
P205318,100,2016/7/15,2016/10/15, 按时交货,货品5,质量合格,泰国,1,"203,06元"
P205385,10,2016/7/15,2016/10/15, 按时交货,货品6,质量合格,马来西亚,1,"1322,31元"
P205385,20,2016/7/15,2016/10/15, 按时交货,货品6,质量合格,马来西亚,1,"121,59元"
P205510,10,2016/9/15,2016/12/15, 按时交货,货品3,质量合格,华北,56,"177,54元"
P205550,10,2016/7/15,2016/10/15, 按时交货,货品3,质量合格,华北,20,"38,71元"
P205550,20,2016/7/15,2016/10/15, 按时交货,货品3,质量合格,华北,2,"6,45元"
P205554,30,2016/8/25,2016/10/25, 按时交货,货品3,质量合格,华北,1,"45,16元"
P205661,10,2016/8/25,2016/10/25, 按时交货,货品3,质量合格,华北,1,"1126,30元"
P206306,10,2016/8/30,2016/10/30, 按时交货,货品5,质量合格,泰国,4,"149,14元"
P206310,10,2016/8/31,2016/10/31, 按时交货,货品6,质量合格,马来西亚,1,"48,86元"
P206328,10,2016/8/31,2016/10/31, 按时交货,货品6,质量合格,马来西亚,2,"33,43元"
P206342,10,2016/9/15,2016/12/15, 按时交货,货品2,质量合格,华东,1,"36,94元"
P206382,10,2016/8/31,2016/10/31, 按时交货,货品6,质量合格,马来西亚,2,"18,05元"
P206382,20,2016/8/31,2016/10/31, 按时交货,货品6,质量合格,马来西亚,50,"76,40元"
P206408,10,2016/8/31,2016/10/31, 按时交货,货品6,质量合格,马来西亚,3,"61,00元"
P206458,10,2016/7/15,2016/10/15, 按时交货,货品6,质量合格,马来西亚,10,"3,01元"
P206458,20,2016/7/15,2016/10/15, 按时交货,货品6,质量合格,马来西亚,10,"3,01元"
P206613,10,2016/7/4,2016/10/4, 按时交货,货品2,质量合格,华东,1,"65,74元"
P206613,20,2016/7/4,2016/10/4, 按时交货,货品2,质量合格,华东,1,"156,06元"
P207215,10,2016/7/20,2016/10/20, 按时交货,货品2,拒货,华东,1,"0,78元"
P207215,20,2016/7/20,2016/10/20, 按时交货,货品2,拒货,华东,1,"1,28元"
P207476,10,2016/8/31,2016/10/31, 按时交货,货品3,质量合格,华北,1,"1557,05元"
P207490,10,2016/7/15,2016/10/15, 按时交货,货品3,质量合格,华北,1,"170,42元"
P207501,10,2016/7/15,2016/10/15, 按时交货,货品3,返修,华北,1,"111,69元"
P207550,10,2016/7/22,2016/10/22, 按时交货,货品2,质量合格,华东,10,"385,74元"
P207772,10,2016/8/30,2016/10/30, 按时交货,货品6,质量合格,马来西亚,16,"1211,04元"
P207780,10,2016/8/30,2016/10/30, 按时交货,货品6,质量合格,马来西亚,9,"37,61元"
P208171,10,2016/7/15,2016/10/15, 按时交货,货品6,质量合格,马来西亚,1,"3,09元"
P208171,20,2016/7/15,2016/10/15, 按时交货,货品6,质量合格,马来西亚,1,"5,79元"
P208198,10,2016/7/15,2016/10/15, 按时交货,货品3,质量合格,华北,1,"45,16元"
P208368,10,2016/7/11,2016/10/11, 按时交货,货品3,质量合格,华北,15,"134,50元"
P208443,10,2016/8/31,2016/10/31, 按时交货,货品6,质量合格,马来西亚,2,"63,00元"
P208470,10,2016/8/30,2016/10/30, 按时交货,货品5,返修,泰国,1,"102,92元"
P208503,10,2016/9/30,2016/11/30, 按时交货,货品3,质量合格,华北,1,"832,38元"
P208503,20,2016/9/30,2016/11/30, 按时交货,货品3,质量合格,华北,1,"832,38元"
P209015,10,2016/7/15,2016/10/15, 按时交货,货品3,返修,华北,1,"75,27元"
P209015,20,2016/7/15,2016/10/15, 按时交货,货品3,返修,华北,1,"38,88元"
P209060,10,2016/7/15,2016/10/15, 按时交货,货品6,质量合格,马来西亚,200,"30,89元"
P209099,10,2016/11/10,2017/2/10, 按时交货,货品2,返修,华东,1,"3208,48元"
P209099,20,2016/11/10,2017/2/10, 按时交货,货品2,返修,华东,1,"2797,70元"
P209100,10,2016/10/30,2016/12/30, 按时交货,货品2,质量合格,华东,1,"435,03元"
P209100,20,2016/10/30,2016/12/30, 按时交货,货品2,质量合格,华东,1,"2797,70元"
P209104,10,2016/7/14,2016/10/14, 按时交货,货品3,质量合格,华北,16.5,"44,56元"
P209210,10,2016/10/30,2016/12/30, 按时交货,货品6,质量合格,马来西亚,1,"978,45元"
P209210,20,2016/10/30,2016/12/30, 按时交货,货品6,质量合格,马来西亚,1,"978,45元"
P209277,10,2016/10/1,2016/11/30, 晚交货,货品4,返修,西北,1,"234,83元"
P209277,20,2016/10/1,2016/11/30, 晚交货,货品4,返修,西北,1,"234,83元"
P209299,10,2016/7/15,2016/10/15, 按时交货,货品6,质量合格,马来西亚,1,"27,10元"
P209301,10,2016/8/31,2016/10/31, 按时交货,货品5,质量合格,泰国,15,"144,84元"
P209322,10,2016/10/1,2016/11/30, 按时交货,货品5,质量合格,泰国,1,"98,02元"
P209322,20,2016/10/1,2016/11/30, 按时交货,货品5,质量合格,泰国,1,"98,02元"
P209922,10,2016/7/20,2016/10/20, 按时交货,货品2,质量合格,华东,1,"256,84元"
P209926,10,2016/10/12,2017/1/12, 按时交货,货品6,质量合格,马来西亚,920,"699,81元"
P209926,20,2016/10/12,2017/1/12, 按时交货,货品6,质量合格,马来西亚,920,"685,34元"
P209971,10,2016/8/7,2016/11/7, 按时交货,货品3,质量合格,华北,2,"43,66元"
P210191,10,2016/8/31,2016/10/31, 按时交货,货品2,质量合格,华东,1,"233,86元"
P210746,10,2016/7/15,2016/10/15, 按时交货,货品2,拒货,华东,5,"76,95元"
P210782,10,2016/8/15,2016/11/15, 按时交货,货品6,质量合格,马来西亚,200,"47,72元"
P210793,10,2016/11/15,2017/2/15, 按时交货,货品2,质量合格,华东,4,"1119,84元"
P210795,10,2016/8/31,2016/10/31, 按时交货,货品5,质量合格,泰国,4,"128,25元"
P210854,10,2016/8/31,2016/10/31, 晚交货,货品4,返修,西北,2,"404,51元"
P210854,20,2016/8/31,2016/10/31, 晚交货,货品4,返修,西北,2,"404,51元"
P210856,10,2016/8/31,2016/10/31, 按时交货,货品5,质量合格,泰国,1,"67,97元"
P210856,20,2016/8/31,2016/10/31, 按时交货,货品5,质量合格,泰国,1,"67,97元"
P210870,10,2016/8/31,2016/10/31, 按时交货,货品5,质量合格,泰国,500,"222,22元"
P210882,10,2016/8/31,2016/10/31, 晚交货,货品4,返修,西北,400,"533,52元"
P210882,20,2016/8/31,2016/10/31, 晚交货,货品4,返修,西北,100,"17,95元"
P210915,10,2016/8/31,2016/10/31, 按时交货,货品6,质量合格,马来西亚,20,"61,56元"
P210922,10,2016/7/11,2016/10/11, 按时交货,货品6,质量合格,马来西亚,1,"12,45元"
P210959,10,2016/7/15,2016/10/15, 按时交货,货品6,质量合格,马来西亚,7,"90,03元"
P210993,10,2016/8/31,2016/10/31, 晚交货,货品4,返修,西北,150,"52,71元"
P210993,20,2016/8/31,2016/10/31, 晚交货,货品4,返修,西北,500,"373,17元"
P211477,30,2016/7/15,2016/10/15, 按时交货,货品2,质量合格,华东,1,"335,64元"
P211477,40,2016/7/15,2016/10/15, 按时交货,货品2,质量合格,华东,1,"322,18元"
P211539,10,2016/8/20,2016/11/20, 按时交货,货品3,质量合格,华北,848,"803,40元"
P211539,20,2016/8/20,2016/11/20, 按时交货,货品3,质量合格,华北,2,"21,18元"
P211662,10,2016/8/30,2016/10/30, 按时交货,货品5,质量合格,泰国,1,"293,71元"
P211679,10,2016/10/1,2016/11/30, 按时交货,货品3,质量合格,华北,1,"263,75元"
P211679,20,2016/10/1,2016/11/30, 按时交货,货品3,质量合格,华北,1,"263,75元"
P212306,10,2016/10/1,2016/11/30, 按时交货,货品6,质量合格,马来西亚,1,"29,40元"
P212306,20,2016/10/1,2016/11/30, 按时交货,货品6,质量合格,马来西亚,1,"12,78元"
P212315,10,2016/10/1,2016/11/30, 按时交货,货品6,质量合格,马来西亚,1,"6,92元"
P212315,20,2016/10/1,2016/11/30, 按时交货,货品6,质量合格,马来西亚,1,"6,92元"
P212349,10,2016/8/31,2016/10/31, 按时交货,货品5,返修,泰国,1,"105,79元"
P212360,10,2016/7/20,2016/10/20, 晚交货,货品2,质量合格,华东,1,"159,77元"
P212380,10,2016/8/31,2016/10/31, 按时交货,货品6,质量合格,马来西亚,1,"28,86元"
P212380,20,2016/8/31,2016/10/31, 按时交货,货品6,拒货,马来西亚,1,"28,86元"
P212382,20,2016/10/25,2016/12/25, 按时交货,货品3,质量合格,华北,12,"453,22元"
P212382,30,2016/10/25,2016/12/25, 按时交货,货品3,质量合格,华北,12,"204,91元"
P212400,20,2016/8/29,2016/10/29, 按时交货,货品6,质量合格,马来西亚,1,"31,95元"
P212400,30,2016/8/29,2016/10/29, 按时交货,货品6,质量合格,马来西亚,1,"3,32元"
P212422,10,2016/8/31,2016/10/31, 按时交货,货品5,拒货,泰国,5,"30,91元"
P212422,20,2016/8/31,2016/10/31, 按时交货,货品5,拒货,泰国,10,"64,15元"
P212486,10,2016/8/29,2016/10/29, 按时交货,货品3,质量合格,华北,1,"19,81元"
P212493,10,2016/8/31,2016/10/31, 按时交货,货品6,质量合格,马来西亚,1,"24,13元"
P212505,10,2016/8/29,2016/10/29, 按时交货,货品3,质量合格,华北,12,"7,90元"
P212539,10,2016/9/15,2016/12/15, 按时交货,货品6,拒货,马来西亚,2,"12,53元"
P212539,20,2016/9/15,2016/12/15, 按时交货,货品6,拒货,马来西亚,2,"51,64元"
P212589,10,2016/7/20,2016/10/20, 按时交货,货品2,质量合格,华东,28,"5,03元"
P213151,10,2016/8/31,2016/10/31, 按时交货,货品5,返修,泰国,1,"101,91元"
P213155,10,2016/8/31,2016/10/31, 按时交货,货品6,质量合格,马来西亚,4,"31,42元"
P213214,10,2016/8/31,2016/10/31, 按时交货,货品6,质量合格,马来西亚,1,"1301,87元"
P213256,10,2016/8/31,2016/10/31, 按时交货,货品6,拒货,马来西亚,1,"69,68元"
P213310,10,2016/8/15,2016/11/15, 按时交货,货品6,质量合格,马来西亚,3,"34,79元"
P213332,10,2016/8/15,2016/11/15, 按时交货,货品5,质量合格,泰国,1,"187,05元"
P213332,20,2016/8/15,2016/11/15, 按时交货,货品5,质量合格,泰国,1,"187,05元"
P213366,10,2016/8/29,2016/10/29, 按时交货,货品2,质量合格,华东,14,"15,40元"
P213366,20,2016/8/29,2016/10/29, 按时交货,货品2,质量合格,华东,15,"35,47元"
P213423,10,2016/10/15,2017/1/15, 按时交货,货品2,返修,华东,5300,"1832,04元"
P213423,20,2016/10/15,2017/1/15, 按时交货,货品2,返修,华东,9500,"3283,85元"
P213435,10,2016/8/29,2016/10/29, 晚交货,货品4,返修,西北,1,"486,01元"
P214052,10,2016/8/31,2016/10/31, 按时交货,货品6,质量合格,马来西亚,221,"286,29元"
P214052,20,2016/8/31,2016/10/31, 按时交货,货品6,质量合格,马来西亚,269,"758,78元"
P214053,10,2016/8/31,2016/10/31, 按时交货,货品5,拒货,泰国,1,"94,86元"
P214054,10,2016/9/8,2016/12/8, 按时交货,货品3,质量合格,华北,4,"125,57元"
P214160,10,2016/8/15,2016/11/15, 按时交货,货品5,质量合格,泰国,2,"47,86元"
P214160,20,2016/8/15,2016/11/15, 按时交货,货品5,质量合格,泰国,2,"478,62元"
P214343,10,2016/8/28,2016/10/28, 按时交货,货品2,质量合格,华东,1,"184,09元"
P214830,10,2016/8/15,2016/11/15, 按时交货,货品6,质量合格,马来西亚,1,"547,75元"
P214830,20,2016/8/15,2016/11/15, 按时交货,货品6,质量合格,马来西亚,1,"572,66元"
P214836,10,2016/8/31,2016/10/31, 按时交货,货品6,质量合格,马来西亚,30,"49,91元"
P214838,10,2016/8/31,2016/10/31, 按时交货,货品5,质量合格,泰国,10,"210,78元"
P214842,10,2016/7/15,2016/10/15, 按时交货,货品6,质量合格,马来西亚,1,"1046,22元"
P214842,20,2016/7/15,2016/10/15, 按时交货,货品6,质量合格,马来西亚,1,"1046,22元"
P214862,10,2016/8/31,2016/10/31, 按时交货,货品5,质量合格,泰国,2,"267,68元"
P214867,10,2016/7/22,2016/10/22, 按时交货,货品2,拒货,华东,1,"55,51元"
P214878,10,2016/8/31,2016/10/31, 按时交货,货品6,质量合格,马来西亚,16,"1403,13元"
P214886,10,2016/8/31,2016/10/31, 按时交货,货品6,拒货,马来西亚,1,"37,86元"
P214886,20,2016/8/31,2016/10/31, 按时交货,货品6,拒货,马来西亚,1,"40,05元"
P214903,10,2016/8/31,2016/10/31, 按时交货,货品5,质量合格,泰国,1,"67,26元"
P214903,20,2016/8/31,2016/10/31, 按时交货,货品5,质量合格,泰国,1,"56,80元"
P215027,10,2016/8/30,2016/10/30, 晚交货,货品4,返修,西北,2,"561,97元"
P215079,10,2016/8/31,2016/10/31, 按时交货,货品6,质量合格,马来西亚,1,"52,31元"
P215110,10,2016/8/30,2016/10/30, 按时交货,货品3,拒货,华北,1,"63,28元"
P215665,10,2016/7/18,2016/10/18, 按时交货,货品6,质量合格,马来西亚,1,"14,96元"
P215672,20,2016/8/31,2016/10/31, 按时交货,货品6,质量合格,马来西亚,1,"1047,13元"
P215713,10,2016/9/20,2016/12/20, 晚交货,货品3,质量合格,华北,1,"3412,98元"
P215719,10,2016/10/30,2016/12/30, 按时交货,货品3,返修,华北,1,"3412,98元"
P215813,10,2016/8/31,2016/10/31, 按时交货,货品5,质量合格,泰国,4,"161,94元"
P215813,20,2016/8/31,2016/10/31, 按时交货,货品5,质量合格,泰国,4,"161,94元"
P215866,10,2016/8/31,2016/10/31, 按时交货,货品6,拒货,马来西亚,2,"65,49元"
P215916,10,2016/8/31,2016/10/31, 按时交货,货品5,质量合格,泰国,5,"119,67元"
P216020,10,2016/8/26,2016/10/26, 按时交货,货品2,返修,华东,1,"3068,51元"
P216020,20,2016/8/26,2016/10/26, 按时交货,货品2,返修,华东,1,"639,27元"
P216522,10,2016/9/26,2016/11/26, 按时交货,货品2,返修,华东,1,"3066,05元"
P216522,20,2016/9/26,2016/11/26, 按时交货,货品2,返修,华东,1,"638,76元"
P216532,10,2016/9/18,2016/12/18, 按时交货,货品2,返修,华东,20,"30,71元"
P216532,20,2016/9/18,2016/12/18, 按时交货,货品1,返修,华北,1,"3659,50元"
P216538,10,2016/12/30,2017/2/28, 按时交货,货品1,返修,华北,1,"3659,50元"
P216538,20,2016/12/30,2017/2/28, 按时交货,货品2,返修,华东,30,"46,07元"
P216641,10,2016/8/28,2016/10/28, 按时交货,货品3,质量合格,华北,1,"39,15元"
P216657,40,2016/8/31,2016/10/31, 按时交货,货品2,质量合格,华东,2,"10,19元"
P216657,50,2016/8/31,2016/10/31, 按时交货,货品2,质量合格,华东,1,"5,10元"
P216692,10,2016/8/31,2016/10/31, 按时交货,货品6,质量合格,马来西亚,1,"24,66元"
P216694,10,2016/10/26,2016/12/26, 按时交货,货品3,质量合格,华北,1,"388,37元"
P216774,10,2016/8/15,2016/11/15, 按时交货,货品6,拒货,马来西亚,1,"80,78元"
P216790,10,2016/8/15,2016/11/15, 按时交货,货品5,质量合格,泰国,2,"53,81元"
P216790,20,2016/8/15,2016/11/15, 按时交货,货品5,质量合格,泰国,3,"80,71元"
P217325,10,2016/8/15,2016/11/15, 按时交货,货品6,质量合格,马来西亚,1,"123,57元"
P217325,20,2016/8/15,2016/11/15, 按时交货,货品6,质量合格,马来西亚,1,"74,05元"
P217328,10,2016/8/15,2016/11/15, 按时交货,货品5,质量合格,泰国,2,"248,34元"
P217344,10,2016/8/15,2016/11/15, 按时交货,货品6,拒货,马来西亚,5,"51,15元"
P217344,20,2016/8/15,2016/11/15, 按时交货,货品6,拒货,马来西亚,2,"20,46元"
P217351,10,2016/8/15,2016/11/15, 按时交货,货品6,质量合格,马来西亚,2,"14,32元"
P217351,20,2016/8/15,2016/11/15, 按时交货,货品6,质量合格,马来西亚,1,"21,10元"
P218106,10,2016/8/15,2016/11/15, 按时交货,货品6,质量合格,马来西亚,1,"11,23元"
P218106,20,2016/8/15,2016/11/15, 按时交货,货品6,质量合格,马来西亚,1,"11,23元"
P218108,10,2016/8/15,2016/11/15, 按时交货,货品3,拒货,华北,1,"96,54元"
P218111,10,2016/8/15,2016/11/15, 晚交货,货品4,返修,西北,1,"336,74元"
P218111,20,2016/8/15,2016/11/15, 晚交货,货品4,返修,西北,2,"562,72元"
P218117,10,2016/10/1,2016/11/30, 按时交货,货品6,质量合格,马来西亚,1,"51,18元"
P218132,10,2016/8/15,2016/11/15, 按时交货,货品3,质量合格,华北,1,"302,85元"
P218141,10,2016/11/18,2017/2/18, 按时交货,货品3,质量合格,华北,1,"198,80元"
P218141,20,2016/11/18,2017/2/18, 按时交货,货品3,质量合格,华北,1,"23,81元"
P218150,10,2016/11/21,2017/2/21, 按时交货,货品5,质量合格,泰国,2,"537,24元"
P218160,10,2016/12/6,2017/3/6, 按时交货,货品6,质量合格,马来西亚,2,"1,95元"
P218160,20,2016/12/6,2017/3/6, 按时交货,货品6,质量合格,马来西亚,2,"1,95元"
P218163,10,2016/12/10,2017/3/10, 按时交货,货品6,质量合格,马来西亚,2,"21,85元"
P218163,20,2016/12/10,2017/3/10, 按时交货,货品6,质量合格,马来西亚,2,"21,85元"
P218167,10,2016/8/30,2016/10/30, 按时交货,货品3,质量合格,华北,1,"507,27元"
P218910,10,2016/8/15,2016/11/15, 按时交货,货品5,质量合格,泰国,500,"220,95元"
P218910,20,2016/8/15,2016/11/15, 按时交货,货品5,质量合格,泰国,10,"2,55元"
P218921,10,2016/10/1,2016/11/30, 按时交货,货品6,拒货,马来西亚,1,"81,87元"
P218938,10,2016/8/31,2016/10/31, 按时交货,货品6,拒货,马来西亚,1,"11,54元"
P218938,20,2016/8/31,2016/10/31, 按时交货,货品6,拒货,马来西亚,1,"63,48元"
P218990,10,2016/8/30,2016/10/30, 按时交货,货品3,拒货,华北,2,"80,97元"
P218997,10,2016/7/13,2016/10/13, 晚交货,货品2,质量合格,华东,1,"2403,81元"
P219036,10,2016/8/8,2016/11/8, 按时交货,货品2,质量合格,华东,380,"3331,31元"
P219050,10,2016/8/15,2016/11/15, 按时交货,货品6,质量合格,马来西亚,1,"51,01元"
P219101,10,2016/10/20,2017/1/20, 按时交货,货品3,质量合格,华北,106,"68,00元"
P219101,20,2016/10/20,2017/1/20, 按时交货,货品3,质量合格,华北,160,"102,64元"
P219148,30,2016/9/20,2016/12/20, 按时交货,货品2,质量合格,华东,200,"546,63元"
P219733,10,2016/8/31,2016/10/31, 按时交货,货品2,质量合格,华东,1,"896,22元"
P219744,10,2016/8/15,2016/11/15, 按时交货,货品6,质量合格,马来西亚,1,"1402,29元"
P219796,10,2016/8/15,2016/11/15, 晚交货,货品4,返修,西北,1,"250,17元"
P219796,20,2016/8/15,2016/11/15, 晚交货,货品4,返修,西北,1,"250,17元"
P219825,10,2016/8/15,2016/11/15, 按时交货,货品5,质量合格,泰国,8,"119,50元"
P219895,10,2016/8/15,2016/11/15, 按时交货,货品5,质量合格,泰国,3,"310,23元"
P220013,10,2016/8/31,2016/10/31, 按时交货,货品2,质量合格,华东,1,"31,02元"
P220590,10,2016/10/1,2016/11/30, 按时交货,货品6,质量合格,马来西亚,1,"27,23元"
P220590,20,2016/10/1,2016/11/30, 按时交货,货品6,质量合格,马来西亚,1,"25,83元"
P220594,10,2016/9/20,2016/12/20, 按时交货,货品3,质量合格,华北,1,"2353,05元"
P220594,20,2016/9/20,2016/12/20, 按时交货,货品3,质量合格,华北,1,"52,49元"
P220595,10,2016/8/15,2016/11/15, 晚交货,货品4,返修,西北,1,"201,96元"
P220595,20,2016/8/15,2016/11/15, 晚交货,货品4,返修,西北,1,"201,96元"
P220599,10,2016/9/15,2016/12/15, 按时交货,货品6,质量合格,马来西亚,2,"38,42元"
P220659,10,2016/8/15,2016/11/15, 按时交货,货品5,质量合格,泰国,1,"139,59元"
P220659,20,2016/8/15,2016/11/15, 按时交货,货品5,质量合格,泰国,1,"139,59元"
P221390,10,2016/10/20,2017/1/20, 按时交货,货品2,质量合格,华东,4,"19,48元"
P221390,20,2016/10/20,2017/1/20, 按时交货,货品2,质量合格,华东,4,"19,48元"
P221399,10,2016/8/15,2016/11/15, 按时交货,货品6,拒货,马来西亚,15,"73,04元"
P221481,20,2016/9/15,2016/12/15, 按时交货,货品6,质量合格,马来西亚,1,"8,24元"
P221492,10,2016/10/1,2016/11/30, 按时交货,货品6,质量合格,马来西亚,1,"21,77元"
P221492,20,2016/10/1,2016/11/30, 按时交货,货品6,质量合格,马来西亚,16,"26,64元"
P221566,10,2016/8/30,2016/10/30, 按时交货,货品3,质量合格,华北,1,"158,48元"
P221690,10,2016/10/12,2017/1/12, 按时交货,货品2,拒货,华东,4,"75,39元"
P222314,10,2016/10/1,2016/11/30, 按时交货,货品6,质量合格,马来西亚,1,"29,46元"
P222317,10,2016/11/14,2017/2/14, 按时交货,货品5,质量合格,泰国,1,"296,70元"
P222318,10,2016/8/15,2016/11/15, 按时交货,货品5,质量合格,泰国,2,"117,83元"
P222353,10,2016/8/15,2016/11/15, 按时交货,货品5,返修,泰国,1,"34,58元"
P222353,20,2016/8/15,2016/11/15, 按时交货,货品5,返修,泰国,1,"67,88元"
P222374,10,2016/10/1,2016/11/30, 按时交货,货品6,质量合格,马来西亚,1,"6,37元"
P222374,20,2016/10/1,2016/11/30, 按时交货,货品6,质量合格,马来西亚,1,"6,37元"
P222384,10,2016/10/1,2016/11/30, 按时交货,货品6,质量合格,马来西亚,2,"19,48元"
P222384,20,2016/10/1,2016/11/30, 按时交货,货品6,质量合格,马来西亚,2,"19,48元"
P222413,10,2016/8/15,2016/11/15, 按时交货,货品6,质量合格,马来西亚,16,"1406,79元"
P222454,10,2016/8/15,2016/11/15, 按时交货,货品5,质量合格,泰国,500,"224,10元"
P222508,10,2016/8/24,2016/11/24, 按时交货,货品2,质量合格,华东,1,"9,02元"
P222508,20,2016/8/24,2016/11/24, 按时交货,货品2,质量合格,华东,1,"9,17元"
P222584,10,2016/12/21,2017/3/21, 晚交货,货品2,返修,华东,1,"2157,84元"
P222584,10,2016/11/23,2017/2/23, 晚交货,货品2,返修,华东,1,"2157,84元"
P223059,10,2016/8/19,2016/11/19, 晚交货,货品2,拒货,华东,2,"70,62元"
P223062,10,2016/12/13,2017/3/13, 晚交货,货品2,质量合格,华东,1,"130,82元"
P223063,10,2016/8/31,2016/10/31, 按时交货,货品6,质量合格,马来西亚,1,"25,59元"
P223063,20,2016/8/31,2016/10/31, 按时交货,货品6,质量合格,马来西亚,1,"25,59元"
P223076,10,2016/10/1,2016/11/30, 按时交货,货品6,质量合格,马来西亚,10,"14,34元"
P223107,10,2016/9/20,2016/12/20, 按时交货,货品3,质量合格,华北,1,"12,73元"
P223107,20,2016/9/20,2016/12/20, 按时交货,货品3,质量合格,华北,1,"14,22元"
P223123,10,2016/9/20,2016/12/20, 按时交货,货品3,质量合格,华北,1,"12,73元"
P223123,20,2016/9/20,2016/12/20, 按时交货,货品3,质量合格,华北,1,"14,22元"
P223185,10,2016/10/1,2016/11/30, 按时交货,货品6,拒货,马来西亚,5,"57,81元"
P223189,10,2016/10/1,2016/11/30, 按时交货,货品6,质量合格,马来西亚,1,"922,45元"
P223240,10,2016/9/6,2016/12/6, 按时交货,货品2,质量合格,华东,1,"19,09元"
P223292,10,2016/8/20,2016/11/20, 按时交货,货品3,质量合格,华北,2,"119,17元"
P223392,10,2016/9/30,2016/11/30, 按时交货,货品2,质量合格,华东,4,"29,29元"
P223945,10,2016/11/20,2017/2/20, 按时交货,货品3,质量合格,华北,1,"23,82元"
P223945,20,2016/11/20,2017/2/20, 按时交货,货品3,质量合格,华北,1,"23,82元"
P223948,10,2016/8/18,2016/11/18, 按时交货,货品3,拒货,华北,2,"58,28元"
P223959,10,2016/8/15,2016/11/15, 按时交货,货品5,质量合格,泰国,300,"234,08元"
P223959,20,2016/8/15,2016/11/15, 按时交货,货品5,质量合格,泰国,200,"149,13元"
P223976,10,2016/8/15,2016/11/15, 按时交货,货品5,质量合格,泰国,34,"187,59元"
P224038,10,2016/10/1,2016/11/30, 按时交货,货品5,质量合格,泰国,5,"130,02元"
P224039,10,2016/10/1,2016/11/30, 按时交货,货品5,质量合格,泰国,50,"91,48元"
P224039,20,2016/10/1,2016/11/30, 按时交货,货品5,质量合格,泰国,50,"29,12元"
P224044,10,2016/8/15,2016/11/15, 按时交货,货品6,质量合格,马来西亚,11,"36,36元"
P224172,10,2016/10/1,2016/11/30, 按时交货,货品5,质量合格,泰国,1,"121,72元"
P224205,10,2016/8/19,2016/11/19, 按时交货,货品3,质量合格,华北,100,"350,77元"
P224784,10,2016/10/1,2016/11/30, 按时交货,货品6,质量合格,马来西亚,2,"49,46元"
P224798,10,2016/8/15,2016/11/15, 按时交货,货品6,质量合格,马来西亚,1,"46,13元"
P224901,10,2016/10/30,2016/12/30, 按时交货,货品6,质量合格,马来西亚,3,"45,78元"
P224957,10,2016/10/1,2016/11/30, 按时交货,货品6,质量合格,马来西亚,20,"32,38元"
P225099,10,2016/9/15,2016/12/15, 按时交货,货品5,拒货,泰国,1,"99,09元"
P225102,10,2016/10/12,2017/1/12, 晚交货,货品2,质量合格,华东,1,"67,46元"
P225102,20,2016/10/12,2017/1/12, 晚交货,货品2,质量合格,华东,1,"142,42元"
P225575,10,2016/10/1,2016/11/30, 按时交货,货品6,质量合格,马来西亚,1,"38,23元"
P225576,10,2016/8/30,2016/10/30, 晚交货,货品3,拒货,华北,1,"82,45元"
P225586,10,2016/8/30,2016/10/30, 按时交货,货品3,质量合格,华北,1,"201,63元"
P225589,10,2016/10/30,2016/12/30, 晚交货,货品3,质量合格,华北,2,"48,72元"
P225592,10,2016/8/5,2016/11/5, 按时交货,货品3,质量合格,华北,1,"117,07元"
P225600,10,2016/8/15,2016/11/15, 按时交货,货品3,质量合格,华北,1,"6,16元"
P225621,10,2016/10/30,2016/12/30, 晚交货,货品3,拒货,华北,1,"33,52元"
P225621,20,2016/10/30,2016/12/30, 晚交货,货品3,拒货,华北,1,"23,29元"
P225628,10,2016/8/15,2016/11/15, 按时交货,货品6,质量合格,马来西亚,1,"20,99元"
P225643,10,2016/9/15,2016/12/15, 按时交货,货品2,质量合格,华东,1,"16,45元"
P225697,10,2016/8/17,2016/11/17, 按时交货,货品2,质量合格,华东,4,"0,51元"
P225697,20,2016/8/17,2016/11/17, 按时交货,货品2,质量合格,华东,2,"1294,64元"
P225823,10,2016/8/15,2016/11/15, 按时交货,货品6,质量合格,马来西亚,2,"41,98元"
P225947,10,2016/10/1,2016/11/30, 晚交货,货品3,质量合格,华北,1,"18,02元"
P225958,10,2016/8/15,2016/11/15, 晚交货,货品3,质量合格,华北,1,"20,38元"
P225966,10,2016/8/15,2016/11/15, 按时交货,货品3,质量合格,华北,1,"4,11元"
P226478,10,2016/9/26,2016/11/26, 按时交货,货品2,拒货,华东,2,"61,50元"
P226478,20,2016/9/26,2016/11/26, 按时交货,货品2,拒货,华东,2,"13,94元"
P226484,10,2016/10/1,2016/11/30, 按时交货,货品6,拒货,马来西亚,5,"45,48元"
P226484,20,2016/10/1,2016/11/30, 按时交货,货品6,拒货,马来西亚,5,"34,37元"
P226517,10,2016/8/9,2016/11/9, 按时交货,货品2,返修,华东,2,"13169,57元"
P226574,10,2016/10/1,2016/11/30, 按时交货,货品2,质量合格,华东,1,"2322,69元"
P226641,10,2016/10/1,2016/11/30, 按时交货,货品3,质量合格,华北,1,"959,30元"
P226641,20,2016/10/1,2016/11/30, 按时交货,货品3,质量合格,华北,1,"959,30元"
P227218,10,2016/9/15,2016/12/15, 按时交货,货品3,质量合格,华北,25,"154,23元"
P227218,20,2016/9/15,2016/12/15, 按时交货,货品3,质量合格,华北,1,"6,51元"
P227269,10,2016/10/1,2016/11/30, 按时交货,货品5,返修,泰国,3,"99,39元"
P227393,10,2016/10/30,2016/12/30, 按时交货,货品5,返修,泰国,1,"115,84元"
P227798,10,2016/9/5,2016/12/5, 按时交货,货品3,质量合格,华北,3,"975,13元"
P227798,20,2016/9/5,2016/12/5, 按时交货,货品3,质量合格,华北,3,"156,14元"
P227937,10,2016/10/1,2016/11/30, 按时交货,货品6,质量合格,马来西亚,14,"12,63元"
P227937,20,2016/10/1,2016/11/30, 按时交货,货品6,质量合格,马来西亚,4,"30,16元"
P227971,10,2016/9/30,2016/11/30, 按时交货,货品2,返修,华东,300,"2629,98元"
P227971,20,2016/10/30,2016/12/30, 按时交货,货品2,返修,华东,400,"3506,64元"
P228594,10,2016/10/30,2016/12/30, 按时交货,货品3,质量合格,华北,1,"48,19元"
P228598,10,2016/10/1,2016/11/30, 按时交货,货品6,拒货,马来西亚,2,"60,35元"
P228603,10,2016/8/20,2016/11/20, 按时交货,货品3,拒货,华北,3,"96,39元"
P228606,20,2016/8/20,2016/11/20, 按时交货,货品3,拒货,华北,3,"96,39元"
P228624,10,2016/12/30,2017/2/28, 按时交货,货品5,质量合格,泰国,1,"177,67元"
P228654,10,2016/10/30,2016/12/30, 按时交货,货品5,质量合格,泰国,1,"141,38元"
P228654,20,2016/10/30,2016/12/30, 按时交货,货品5,质量合格,泰国,1,"141,38元"
P228747,10,2016/10/30,2016/12/30, 按时交货,货品2,拒货,华东,2,"66,38元"
P229366,10,2016/10/1,2016/11/30, 按时交货,货品5,质量合格,泰国,4,"183,77元"
P229367,10,2016/10/1,2016/11/30, 按时交货,货品5,质量合格,泰国,1,"78,30元"
P229367,20,2016/10/1,2016/11/30, 按时交货,货品5,质量合格,泰国,1,"78,30元"
P229408,10,2016/8/19,2016/11/19, 按时交货,货品2,质量合格,华东,1,"2564,22元"
P229638,10,2016/9/15,2016/12/15, 按时交货,货品6,拒货,马来西亚,1,"59,30元"
P230151,10,2016/9/15,2016/12/15, 按时交货,货品6,质量合格,马来西亚,1,"27,74元"
P230159,10,2016/10/30,2016/12/30, 按时交货,货品6,质量合格,马来西亚,1,"903,18元"
P230159,30,2016/10/30,2016/12/30, 按时交货,货品6,质量合格,马来西亚,2,"90,32元"
P230172,10,2016/10/1,2016/11/30, 按时交货,货品6,质量合格,马来西亚,1,"15,29元"
P230174,10,2016/10/30,2016/12/30, 按时交货,货品6,质量合格,马来西亚,1,"202,90元"
P230189,10,2016/10/8,2017/1/8, 晚交货,货品2,质量合格,华东,1,"144,71元"
P230289,10,2016/9/30,2016/11/30, 按时交货,货品2,质量合格,华东,2,"4,25元"
P230289,20,2016/9/30,2016/11/30, 按时交货,货品2,质量合格,华东,4,"8,49元"
P230950,10,2016/10/30,2016/12/30, 按时交货,货品2,拒货,华东,2,"66,06元"
P230964,10,2016/10/1,2016/11/30, 按时交货,货品6,拒货,马来西亚,1,"90,08元"
P231032,10,2016/9/15,2016/12/15, 按时交货,货品6,拒货,马来西亚,2,"65,72元"
P231035,10,2016/8/12,2016/11/12, 按时交货,货品2,拒货,华东,2,"0,60元"
P231035,20,2016/8/12,2016/11/12, 按时交货,货品2,拒货,华东,1,"0,98元"
P231068,10,2016/9/15,2016/12/15, 按时交货,货品3,质量合格,华北,8,"9,01元"
P231093,10,2016/10/1,2016/11/30, 按时交货,货品6,拒货,马来西亚,2,"50,04元"
P231093,20,2016/10/1,2016/11/30, 按时交货,货品6,拒货,马来西亚,3,"9,93元"
P231220,10,2016/9/30,2016/11/30, 按时交货,货品5,拒货,泰国,1,"95,39元"
P231639,10,2016/9/15,2016/12/15, 按时交货,货品6,质量合格,马来西亚,16,"1409,23元"
P231647,10,2016/9/15,2016/12/15, 按时交货,货品6,拒货,马来西亚,1,"89,10元"
P231652,10,2016/9/15,2016/12/15, 按时交货,货品6,拒货,马来西亚,3,"91,57元"
P231656,10,2016/9/15,2016/12/15, 按时交货,货品6,拒货,马来西亚,5,"57,96元"
P231735,10,2016/8/18,2016/11/18, 按时交货,货品2,质量合格,华东,1,"4,05元"
P231744,10,2016/8/18,2016/11/18, 按时交货,货品2,质量合格,华东,1,"4,05元"
P231762,10,2016/8/15,2016/11/15, 按时交货,货品3,质量合格,华北,1,"845,28元"
P231768,10,2016/11/30,2017/1/30, 按时交货,货品2,质量合格,华东,4,"19,21元"
P231775,10,2016/11/30,2017/1/30, 按时交货,货品3,质量合格,华北,10,"28,52元"
P231775,20,2016/11/30,2017/1/30, 按时交货,货品3,质量合格,华北,20,"16,51元"
P231780,10,2016/9/15,2016/12/15, 按时交货,货品6,拒货,马来西亚,50,"12,11元"
P231780,20,2016/9/15,2016/12/15, 按时交货,货品6,拒货,马来西亚,15,"61,58元"
P231812,10,2016/10/15,2017/1/15, 按时交货,货品6,质量合格,马来西亚,1,"19,53元"
P231832,10,2016/9/15,2016/12/15, 按时交货,货品6,质量合格,马来西亚,2,"21,78元"
P232332,10,2016/10/30,2016/12/30, 按时交货,货品6,质量合格,马来西亚,2,"41,24元"
P232347,10,2016/10/30,2016/12/30, 按时交货,货品6,质量合格,马来西亚,1,"43,66元"
P232350,10,2016/9/15,2016/12/15, 按时交货,货品6,拒货,马来西亚,2,"50,26元"
P232350,20,2016/9/15,2016/12/15, 按时交货,货品6,拒货,马来西亚,4,"13,30元"
P232351,10,2016/10/1,2016/11/30, 按时交货,货品3,质量合格,华北,4,"67,92元"
P232351,20,2016/10/1,2016/11/30, 按时交货,货品6,质量合格,马来西亚,1,"67,92元"
P232396,10,2016/12/1,2017/1/31, 按时交货,货品6,拒货,马来西亚,2,"61,86元"
P232406,10,2016/12/1,2017/1/31, 按时交货,货品6,拒货,马来西亚,2,"63,15元"
P232443,10,2016/10/1,2016/11/30, 按时交货,货品3,质量合格,华北,2,"34,80元"
P232488,10,2016/10/8,2017/1/8, 晚交货,货品2,拒货,华东,2,"74,72元"
P232498,10,2016/9/15,2016/12/15, 按时交货,货品6,质量合格,马来西亚,1,"28,35元"
P232515,10,2016/10/30,2016/12/30, 按时交货,货品5,质量合格,泰国,4,"128,88元"
P232674,10,2016/10/1,2016/11/30, 按时交货,货品5,质量合格,泰国,1,"176,60元"
P233144,10,2016/10/1,2016/11/30, 按时交货,货品6,质量合格,马来西亚,2,"8,76元"
P233150,10,2016/9/15,2016/12/15, 按时交货,货品5,返修,泰国,1,"104,51元"
P233168,10,2016/9/15,2016/12/15, 按时交货,货品3,质量合格,华北,1,"173,83元"
P233187,10,2016/12/1,2017/1/31, 按时交货,货品2,质量合格,华东,2,"49,72元"
P233187,20,2016/12/1,2017/1/31, 按时交货,货品2,质量合格,华东,2,"66,29元"
P233261,10,2016/10/30,2016/12/30, 按时交货,货品2,质量合格,华东,4,"11,08元"
P233268,10,2016/9/15,2016/12/15, 按时交货,货品6,质量合格,马来西亚,1,"45,20元"
P233304,10,2016/9/30,2016/11/30, 按时交货,货品6,质量合格,马来西亚,1,"49,57元"
P233482,10,2016/10/8,2017/1/8, 晚交货,货品3,质量合格,华北,1,"386,28元"
P233945,10,2016/10/8,2017/1/8, 晚交货,货品2,质量合格,华东,1,"45,13元"
P233949,10,2016/9/30,2016/11/30, 按时交货,货品2,质量合格,华东,1,"438,15元"
P233951,10,2016/11/30,2017/1/30, 按时交货,货品1,返修,华南,9,"3624,25元"
P233951,20,2016/11/30,2017/1/30, 按时交货,货品1,返修,西北,9,"3624,26元"
P233983,10,2016/11/23,2017/2/23, 晚交货,货品2,质量合格,华东,1,"1658,59元"
P233983,10,2016/10/8,2017/1/8, 晚交货,货品2,质量合格,华东,1,"1658,59元"
P234737,10,2016/9/15,2016/12/15, 按时交货,货品6,质量合格,马来西亚,3,"46,82元"
P234737,20,2016/9/15,2016/12/15, 按时交货,货品6,质量合格,马来西亚,200,"150,67元"
P234747,10,2016/10/30,2016/12/30, 按时交货,货品6,拒货,马来西亚,5,"77,27元"
P234785,10,2016/9/15,2016/12/15, 按时交货,货品5,质量合格,泰国,3,"47,20元"
P234785,20,2016/9/15,2016/12/15, 按时交货,货品5,质量合格,泰国,200,"80,37元"
P234838,10,2016/9/30,2016/11/30, 按时交货,货品3,质量合格,华北,1,"426,26元"
P234944,10,2016/8/22,2016/11/22, 按时交货,货品2,质量合格,华东,4,"9,64元"
P234944,20,2016/8/22,2016/11/22, 按时交货,货品2,质量合格,华东,2,"36,76元"
P235329,10,2016/10/30,2016/12/30, 按时交货,货品5,质量合格,泰国,2,"339,89元"
P235340,10,2016/8/15,2016/11/15, 按时交货,货品5,质量合格,泰国,10,"193,00元"
P235364,10,2016/9/30,2016/11/30, 按时交货,货品2,质量合格,华东,1,"186,82元"
P235376,10,2016/10/30,2016/12/30, 按时交货,货品6,质量合格,马来西亚,5,"20,01元"
P235379,10,2016/9/20,2016/12/20, 按时交货,货品5,质量合格,泰国,1,"183,24元"
P235435,10,2016/12/30,2017/2/28, 按时交货,货品2,质量合格,华东,4,"21,15元"
P235435,20,2016/12/30,2017/2/28, 按时交货,货品2,质量合格,华东,4,"21,15元"
P235439,10,2016/10/30,2016/12/30, 按时交货,货品5,质量合格,泰国,2,"60,42元"
P235439,20,2016/10/30,2016/12/30, 按时交货,货品5,质量合格,泰国,4,"120,85元"
P235661,10,2016/9/30,2016/11/30, 晚交货,货品2,质量合格,华东,2,"49,88元"
P235735,10,2016/10/20,2017/1/20, 按时交货,货品3,质量合格,华北,1,"323,91元"
P236122,10,2016/10/1,2016/11/30, 按时交货,货品2,质量合格,华东,1,"116,04元"
P236136,10,2016/9/20,2016/12/20, 按时交货,货品6,质量合格,马来西亚,1,"1311,09元"
P236161,10,2016/10/25,2016/12/25, 按时交货,货品6,拒货,马来西亚,100,"56,68元"
P236192,10,2016/9/30,2016/11/30, 按时交货,货品2,质量合格,华东,1,"147,69元"
P236216,10,2016/10/30,2016/12/30, 按时交货,货品2,质量合格,华东,1,"39,18元"
P236271,60,2016/10/30,2016/12/30, 按时交货,货品5,质量合格,泰国,1,"392,42元"
P236317,10,2016/9/12,2016/12/12, 按时交货,货品3,质量合格,华北,6,"198,18元"
P236361,10,2016/10/12,2017/1/12, 按时交货,货品3,返修,华北,1,"112,48元"
P236856,10,2016/10/30,2016/12/30, 按时交货,货品3,质量合格,华北,2,"128,90元"
P236866,10,2016/10/1,2016/11/30, 按时交货,货品5,返修,泰国,1,"43,05元"
P236866,20,2016/10/1,2016/11/30, 按时交货,货品5,返修,泰国,1,"59,55元"
P236902,10,2016/10/30,2016/12/30, 晚交货,货品4,返修,西北,1,"707,30元"
P236962,10,2016/10/30,2016/12/30, 按时交货,货品6,拒货,马来西亚,1,"40,86元"
P236962,20,2016/10/30,2016/12/30, 按时交货,货品6,拒货,马来西亚,1,"24,33元"
P236964,10,2016/10/30,2016/12/30, 晚交货,货品4,返修,西北,1,"203,28元"
P236964,20,2016/10/30,2016/12/30, 晚交货,货品4,返修,西北,1,"203,28元"
P237647,10,2016/12/30,2017/2/28, 按时交货,货品5,质量合格,泰国,1,"164,10元"
P237724,10,2016/10/30,2016/12/30, 按时交货,货品5,返修,泰国,1,"101,87元"
P237725,10,2016/10/30,2016/12/30, 按时交货,货品5,返修,泰国,1,"107,34元"
P237726,10,2016/9/13,2016/12/13, 按时交货,货品6,拒货,马来西亚,1,"58,01元"
P237729,10,2016/9/15,2016/12/15, 按时交货,货品5,质量合格,泰国,5,"125,28元"
P237732,10,2016/10/10,2017/1/10, 按时交货,货品2,质量合格,华东,80,"140,71元"
P237736,10,2016/10/30,2016/12/30, 按时交货,货品6,质量合格,马来西亚,1,"38,55元"
P237736,20,2016/10/30,2016/12/30, 按时交货,货品6,质量合格,马来西亚,3,"9,64元"
P237746,10,2016/10/30,2016/12/30, 按时交货,货品3,质量合格,华北,1,"14,01元"
P237747,10,2016/10/30,2016/12/30, 按时交货,货品5,质量合格,泰国,1,"374,32元"
P237770,10,2016/11/18,2017/2/18, 按时交货,货品3,质量合格,华北,1,"213,10元"
P237770,20,2016/11/18,2017/2/18, 晚交货,货品3,质量合格,华北,1,"23,90元"
P237775,10,2016/9/15,2016/12/15, 按时交货,货品3,拒货,华北,2,"81,61元"
P238419,10,2016/10/30,2016/12/30, 晚交货,货品4,返修,西北,1000,"445,37元"
P238419,20,2016/10/30,2016/12/30, 晚交货,货品4,返修,西北,10,"2,57元"
P238422,10,2016/10/30,2016/12/30, 晚交货,货品4,返修,西北,4,"137,72元"
P238422,20,2016/10/30,2016/12/30, 晚交货,货品4,返修,西北,500,"373,95元"
P238454,10,2016/9/15,2016/12/15, 按时交货,货品5,质量合格,泰国,20,"107,95元"
P238454,20,2016/9/15,2016/12/15, 按时交货,货品5,质量合格,泰国,20,"61,69元"
P238457,10,2016/10/30,2016/12/30, 按时交货,货品6,质量合格,马来西亚,1,"1015,25元"
P238525,10,2016/9/15,2016/12/15, 按时交货,货品2,质量合格,华东,2,"167,07元"
P238527,10,2016/11/15,2017/2/15, 按时交货,货品2,质量合格,华东,4,"2,71元"
P238527,20,2016/11/15,2017/2/15, 按时交货,货品2,质量合格,华东,4,"2,71元"
P238559,10,2016/10/24,2017/1/24, 按时交货,货品3,质量合格,华北,1,"131,67元"
P238570,10,2016/10/30,2016/12/30, 按时交货,货品5,质量合格,泰国,100,"200,82元"
P238570,20,2016/10/30,2016/12/30, 按时交货,货品5,质量合格,泰国,100,"116,83元"
P238587,10,2016/10/30,2016/12/30, 按时交货,货品5,质量合格,泰国,1,"366,88元"
P239185,10,2016/10/15,2017/1/15, 按时交货,货品5,质量合格,泰国,1,"514,41元"
P239186,10,2016/10/15,2017/1/15, 按时交货,货品5,质量合格,泰国,1,"302,39元"
P239191,10,2016/10/15,2017/1/15, 按时交货,货品6,质量合格,马来西亚,1,"27,13元"
P239191,20,2016/10/15,2017/1/15, 按时交货,货品6,质量合格,马来西亚,1,"27,13元"
P239233,10,2016/9/15,2016/12/15, 按时交货,货品5,质量合格,泰国,3,"255,99元"
P239246,10,2016/9/30,2016/11/30, 晚交货,货品3,质量合格,华北,1,"1229,95元"
P239246,20,2016/9/30,2016/11/30, 晚交货,货品3,质量合格,华北,1,"1229,95元"
P239258,10,2016/9/15,2016/12/15, 按时交货,货品5,拒货,泰国,3,"97,88元"
P239273,10,2016/10/30,2016/12/30, 按时交货,货品3,拒货,华北,1,"70,54元"
P239427,10,2016/10/30,2016/12/30, 按时交货,货品3,质量合格,华北,1,"45,48元"
P239442,10,2016/8/30,2016/10/30, 晚交货,货品3,质量合格,华北,1,"29,47元"
P239454,10,2016/8/30,2016/10/30, 晚交货,货品3,质量合格,华北,2,"174,58元"
P239475,10,2016/8/30,2016/10/30, 晚交货,货品3,质量合格,华北,1,"152,54元"
P240011,10,2016/10/1,2016/11/30, 按时交货,货品6,拒货,马来西亚,1,"52,57元"
P240011,20,2016/10/1,2016/11/30, 按时交货,货品6,拒货,马来西亚,56,"37,26元"
P240025,10,2016/10/30,2016/12/30, 按时交货,货品5,质量合格,泰国,600,"23,07元"
P240025,20,2016/10/30,2016/12/30, 按时交货,货品5,质量合格,泰国,1,"314,54元"
P240310,10,2016/9/30,2016/11/30, 按时交货,货品2,拒货,华东,2,"0,60元"
P240310,20,2016/9/30,2016/11/30, 按时交货,货品2,拒货,华东,1,"2,63元"
P240875,10,2016/9/15,2016/12/15, 按时交货,货品5,质量合格,泰国,1,"112,68元"
P240875,20,2016/9/15,2016/12/15, 按时交货,货品5,质量合格,泰国,1,"112,68元"
P240901,10,2016/10/1,2016/11/30, 按时交货,货品6,质量合格,马来西亚,1,"27,04元"
P240931,10,2016/12/30,2017/2/28, 晚交货,货品4,返修,西北,1,"746,69元"
P241709,10,2016/10/14,2017/1/14, 晚交货,货品2,质量合格,华东,2,"465,27元"
P241713,10,2016/9/5,2016/12/5, 按时交货,货品3,质量合格,华北,1,"116,85元"
P241715,10,2016/9/15,2016/12/15, 按时交货,货品3,质量合格,华北,1,"116,85元"
P241722,10,2016/9/15,2016/12/15, 按时交货,货品6,拒货,马来西亚,1,"87,12元"
P242616,10,2016/11/30,2017/1/30, 按时交货,货品3,拒货,华北,2,"10,03元"
P242616,20,2016/11/30,2017/1/30, 按时交货,货品3,拒货,华北,2,"74,84元"
P242812,10,2016/10/30,2016/12/30, 按时交货,货品5,质量合格,泰国,1,"186,55元"
P242812,20,2016/10/30,2016/12/30, 按时交货,货品5,质量合格,泰国,2,"209,61元"
P242823,10,2016/10/30,2016/12/30, 按时交货,货品6,拒货,马来西亚,2,"66,54元"
P243354,10,2016/9/20,2016/12/20, 按时交货,货品3,质量合格,华北,350,"65,53元"
P243354,20,2016/9/20,2016/12/20, 按时交货,货品3,质量合格,华北,350,"65,53元"
P243400,10,2016/9/15,2016/12/15, 按时交货,货品6,质量合格,马来西亚,4,"34,82元"
P243414,10,2016/10/15,2017/1/15, 按时交货,货品5,质量合格,泰国,4,"124,51元"
P243420,10,2016/9/15,2016/12/15, 按时交货,货品2,拒货,华东,1,"73,78元"
P243474,20,2016/10/30,2016/12/30, 按时交货,货品2,质量合格,华东,2,"4,31元"
P243488,10,2016/10/30,2016/12/30, 按时交货,货品5,质量合格,泰国,2,"183,84元"
P243624,10,2016/10/30,2016/12/30, 按时交货,货品5,返修,泰国,1,"102,41元"
P243691,10,2016/9/6,2016/12/6, 按时交货,货品3,质量合格,华北,1,"19,47元"
P244261,20,2016/10/1,2016/11/30, 按时交货,货品1,返修,西北,1,"9221,69元"
P244292,10,2016/9/15,2016/12/15, 按时交货,货品6,质量合格,马来西亚,1,"25,61元"
P244292,20,2016/9/15,2016/12/15, 按时交货,货品6,质量合格,马来西亚,1,"25,61元"
P244336,10,2016/12/30,2017/2/28, 按时交货,货品5,质量合格,泰国,1,"269,64元"
P244336,20,2016/12/30,2017/2/28, 按时交货,货品5,质量合格,泰国,1,"269,64元"
P244345,10,2016/12/30,2017/2/28, 按时交货,货品6,质量合格,马来西亚,1,"914,06元"
P244455,10,2016/10/30,2016/12/30, 按时交货,货品6,拒货,马来西亚,1,"71,53元"
P244499,20,2016/10/30,2016/12/30, 按时交货,货品5,质量合格,泰国,1,"139,43元"
P244499,30,2016/10/30,2016/12/30, 按时交货,货品5,质量合格,泰国,1,"71,83元"
P245064,10,2016/11/30,2017/1/30, 按时交货,货品6,质量合格,马来西亚,3,"37,43元"
P245067,10,2016/11/30,2017/1/30, 按时交货,货品6,质量合格,马来西亚,1,"25,38元"
P245070,10,2016/10/30,2016/12/30, 按时交货,货品6,质量合格,马来西亚,16,"26,62元"
P245076,10,2016/10/30,2016/12/30, 按时交货,货品3,质量合格,华北,1,"4,29元"
P245076,20,2016/10/30,2016/12/30, 按时交货,货品3,质量合格,华北,1,"6,14元"
P245108,20,2016/11/10,2017/2/10, 按时交货,货品2,质量合格,华东,16,"2819,34元"
P245128,10,2016/11/10,2017/2/10, 按时交货,货品2,质量合格,华东,16,"2819,34元"
P245133,10,2016/10/12,2017/1/12, 按时交货,货品6,质量合格,马来西亚,1,"21,75元"
P245133,20,2016/10/12,2017/1/12, 按时交货,货品6,质量合格,马来西亚,3,"19,19元"
P245258,10,2016/11/15,2017/2/15, 按时交货,货品5,质量合格,泰国,3,"168,07元"
P245915,10,2016/10/30,2016/12/30, 按时交货,货品2,质量合格,华东,4,"0,51元"
P245915,20,2016/10/30,2016/12/30, 按时交货,货品2,质量合格,华东,8,"12,29元"
P245919,10,2016/10/30,2016/12/30, 按时交货,货品3,质量合格,华北,1,"25,21元"
P246023,10,2016/10/10,2017/1/10, 按时交货,货品3,质量合格,华北,1,"8,78元"
P246131,10,2016/10/30,2016/12/30, 按时交货,货品6,质量合格,马来西亚,1,"12,16元"
P246131,20,2016/10/30,2016/12/30, 按时交货,货品6,质量合格,马来西亚,1,"4,49元"
P246665,10,2016/10/20,2017/1/20, 按时交货,货品2,质量合格,华东,12,"22,46元"
P246666,10,2016/10/20,2017/1/20, 按时交货,货品2,质量合格,华东,12,"22,46元"
P246666,20,2016/10/20,2017/1/20, 按时交货,货品2,质量合格,华东,12,"22,46元"
P246672,10,2016/11/11,2017/2/11, 按时交货,货品5,质量合格,泰国,1,"330,22元"
P246678,10,2016/10/15,2017/1/15, 按时交货,货品6,质量合格,马来西亚,20,"16,47元"
P246733,10,2016/9/15,2016/12/15, 按时交货,货品5,返修,泰国,5,"108,94元"
P246741,10,2016/9/15,2016/12/15, 按时交货,货品6,质量合格,马来西亚,5,"15,87元"
P246741,20,2016/9/15,2016/12/15, 按时交货,货品6,质量合格,马来西亚,8,"20,48元"
P246758,10,2016/10/30,2016/12/30, 按时交货,货品6,质量合格,马来西亚,2,"5,38元"
P246758,20,2016/10/30,2016/12/30, 按时交货,货品6,质量合格,马来西亚,14,"13,63元"
P246773,10,2016/10/14,2017/1/14, 按时交货,货品3,返修,华北,18,"103,67元"
P246800,10,2016/10/15,2017/1/15, 按时交货,货品5,返修,泰国,1,"104,94元"
P246840,10,2016/10/30,2016/12/30, 按时交货,货品3,质量合格,华北,5,"35,84元"
P246940,10,2016/10/30,2016/12/30, 按时交货,货品3,质量合格,华北,500,"24,33元"
P247031,10,2016/12/14,2017/3/14, 按时交货,货品2,质量合格,华东,1,"11,89元"
P247031,20,2016/12/14,2017/3/14, 按时交货,货品2,质量合格,华东,1,"11,89元"
P247478,10,2016/11/30,2017/1/30, 按时交货,货品2,质量合格,华东,268,"20,06元"
P247478,20,2016/11/30,2017/1/30, 按时交货,货品2,质量合格,华东,268,"20,06元"
P247547,10,2016/11/21,2017/2/21, 按时交货,货品3,质量合格,华北,1,"1399,16元"
P248422,10,2016/12/30,2017/2/28, 按时交货,货品2,质量合格,华东,1,"1119,58元"
P248427,10,2016/10/20,2017/1/20, 按时交货,货品3,拒货,华北,16,"3,36元"
P248433,10,2016/12/10,2017/3/10, 按时交货,货品3,质量合格,华北,224,"147,91元"
P248438,10,2016/10/10,2017/1/10, 按时交货,货品2,质量合格,华东,4,"7,50元"
P248442,10,2016/10/30,2016/12/30, 按时交货,货品6,拒货,马来西亚,100,"70,55元"
P248552,10,2016/10/30,2016/12/30, 按时交货,货品2,质量合格,华东,1,"38,53元"
P248604,10,2016/9/14,2016/12/14, 按时交货,货品2,返修,华东,1,"3078,36元"
P248604,20,2016/9/14,2016/12/14, 按时交货,货品2,返修,华东,1,"641,33元"
P248633,10,2016/10/27,2016/12/27, 按时交货,货品2,返修,华东,1,"3078,36元"
P248633,20,2016/10/27,2016/12/27, 按时交货,货品2,返修,华东,1,"641,33元"
P248661,10,2016/10/15,2017/1/15, 按时交货,货品6,质量合格,马来西亚,1,"13,47元"
P248675,10,2016/10/30,2016/12/30, 按时交货,货品3,质量合格,华北,300,"13,46元"
P248675,20,2016/10/30,2016/12/30, 按时交货,货品3,质量合格,华北,240,"23,41元"
P248760,10,2016/9/15,2016/12/15, 按时交货,货品6,质量合格,马来西亚,4,"37,52元"
P249235,10,2016/10/10,2017/1/10, 按时交货,货品3,质量合格,华北,1,"346,32元"
P249240,10,2016/10/15,2017/1/15, 晚交货,货品2,返修,华东,4,"4722,18元"
P249505,10,2016/12/30,2017/2/28, 按时交货,货品5,质量合格,泰国,3,"147,74元"
P249549,10,2016/10/15,2017/1/15, 按时交货,货品6,质量合格,马来西亚,1,"1305,87元"
P249575,10,2016/10/15,2017/1/15, 按时交货,货品5,质量合格,泰国,2,"120,08元"
P250916,10,2016/11/28,2017/1/28, 按时交货,货品2,质量合格,华东,1,"729,24元"
P250921,10,2016/10/17,2017/1/17, 按时交货,货品6,质量合格,马来西亚,2,"4,15元"
P250921,20,2016/10/17,2017/1/17, 按时交货,货品6,质量合格,马来西亚,4,"8,30元"
P250941,10,2016/10/10,2017/1/10, 按时交货,货品3,质量合格,华北,1,"161,70元"
P251034,10,2016/12/1,2017/1/31, 按时交货,货品3,质量合格,华北,20,"551,17元"
P251069,10,2016/10/18,2017/1/18, 按时交货,货品2,质量合格,华东,1,"22,00元"
P251083,10,2016/12/30,2017/2/28, 晚交货,货品4,返修,西北,1,"449,59元"
P251130,10,2016/11/15,2017/2/15, 按时交货,货品3,返修,华北,2,"115,99元"
P251145,10,2016/10/15,2017/1/15, 按时交货,货品6,质量合格,马来西亚,1,"21,71元"
P251740,10,2016/12/9,2017/3/9, 按时交货,货品2,质量合格,华东,1,"363,33元"
P251795,10,2016/9/23,2016/12/23, 按时交货,货品3,质量合格,华北,600,"430,09元"
P251926,10,2016/10/15,2017/1/15, 按时交货,货品5,质量合格,泰国,1,"193,31元"
P251928,10,2016/10/8,2017/1/8, 晚交货,货品3,拒货,华北,1,"69,93元"
P251937,10,2016/12/30,2017/2/28, 按时交货,货品3,质量合格,华北,4,"22,33元"
P251937,20,2016/12/30,2017/2/28, 按时交货,货品3,质量合格,华北,4,"22,33元"
P251956,10,2016/11/18,2017/2/18, 晚交货,货品3,质量合格,华北,1,"31,47元"
P251956,20,2016/11/18,2017/2/18, 按时交货,货品3,质量合格,华北,1,"206,13元"
P251989,20,2016/12/30,2017/2/28, 按时交货,货品3,质量合格,华北,4,"16,78元"
P252562,10,2016/10/15,2017/1/15, 按时交货,货品6,质量合格,马来西亚,10,"54,48元"
P252569,10,2016/11/15,2017/2/15, 按时交货,货品2,返修,华东,43,"2124,69元"
P252569,20,2016/11/15,2017/2/15, 按时交货,货品2,返修,华东,43,"2035,13元"
P252575,10,2016/11/28,2017/1/28, 按时交货,货品2,质量合格,华东,1,"13,75元"
P252578,10,2016/12/1,2017/1/31, 按时交货,货品2,质量合格,华东,1,"358,47元"
P252578,20,2016/12/1,2017/1/31, 按时交货,货品2,质量合格,华东,1,"12,16元"
P252602,10,2016/11/15,2017/2/15, 晚交货,货品4,返修,西北,1,"448,09元"
P252656,10,2016/10/30,2016/12/30, 按时交货,货品2,拒货,华东,1,"70,30元"
P252656,20,2016/10/30,2016/12/30, 按时交货,货品2,拒货,华东,1,"25,02元"
P252688,10,2016/11/30,2017/1/30, 按时交货,货品2,质量合格,华东,4,"8,99元"
P252688,20,2016/11/30,2017/1/30, 按时交货,货品2,质量合格,华东,4,"8,99元"
P252694,10,2016/9/21,2016/12/21, 按时交货,货品3,质量合格,华北,2,"339,15元"
P252722,10,2016/10/8,2017/1/8, 晚交货,货品2,质量合格,华东,2,"2772,09元"
P252725,10,2016/12/10,2017/3/10, 按时交货,货品3,质量合格,华北,1,"651,13元"
P252887,10,2016/10/15,2017/1/15, 晚交货,货品4,返修,西北,1000,"443,68元"
P252887,20,2016/10/15,2017/1/15, 晚交货,货品4,返修,西北,20,"5,12元"
P255090,10,2016/11/15,2017/2/15, 按时交货,货品2,质量合格,华东,1,"1146,38元"
P255101,10,2016/10/15,2017/1/15, 按时交货,货品5,质量合格,泰国,500,"271,38元"
P255102,10,2016/12/30,2017/2/28, 按时交货,货品2,拒货,华东,1,"82,14元"
P255105,10,2016/10/8,2017/1/8, 按时交货,货品2,质量合格,华东,1,"335,64元"
P255108,10,2016/10/15,2017/1/15, 按时交货,货品5,质量合格,泰国,500,"372,68元"
P255120,20,2016/12/30,2017/2/28, 按时交货,货品3,质量合格,华北,1,"25,62元"
P255136,10,2016/10/15,2017/1/15, 按时交货,货品3,质量合格,华北,1,"152,55元"
P255181,10,2016/10/10,2017/1/10, 按时交货,货品3,拒货,华北,1,"3,60元"
P255182,10,2016/10/8,2017/1/8, 按时交货,货品2,拒货,华东,2,"76,89元"
P255190,10,2016/12/1,2017/1/31, 按时交货,货品6,拒货,马来西亚,4,"69,71元"
P255195,10,2016/10/15,2017/1/15, 按时交货,货品6,质量合格,马来西亚,1,"27,55元"
P255242,10,2016/11/15,2017/2/15, 按时交货,货品6,质量合格,马来西亚,1,"23,07元"
P255253,10,2016/10/15,2017/1/15, 晚交货,货品4,返修,西北,2,"449,79元"
P255327,10,2016/12/30,2017/2/28, 按时交货,货品3,质量合格,华北,1,"401,54元"
P255377,10,2016/10/15,2017/1/15, 按时交货,货品6,质量合格,马来西亚,1,"1304,39元"
P255428,10,2016/12/1,2017/1/31, 按时交货,货品3,拒货,华北,300,"19,21元"
P255428,20,2016/12/1,2017/1/31, 按时交货,货品6,拒货,马来西亚,1,"40,21元"
P255429,10,2016/10/15,2017/1/15, 按时交货,货品6,质量合格,马来西亚,1,"20,51元"
P255429,20,2016/10/15,2017/1/15, 按时交货,货品6,质量合格,马来西亚,1,"20,51元"
P255474,10,2016/10/15,2017/1/15, 按时交货,货品3,质量合格,华北,1,"939,61元"
P255474,20,2016/10/15,2017/1/15, 按时交货,货品3,质量合格,华北,1,"939,61元"
P255490,10,2016/10/30,2016/12/30, 按时交货,货品6,质量合格,马来西亚,1,"13,84元"
P255538,10,2016/10/15,2017/1/15, 按时交货,货品6,质量合格,马来西亚,2,"14,35元"
P256151,10,2016/9/20,2016/12/20, 晚交货,货品3,质量合格,华北,1,"889,13元"
P256164,10,2016/11/20,2017/2/20, 按时交货,货品2,质量合格,华东,1,"36,13元"
P256188,10,2016/12/1,2017/1/31, 按时交货,货品3,质量合格,华北,1,"2248,65元"
P256236,10,2016/10/25,2016/12/25, 按时交货,货品2,质量合格,华东,1,"200,79元"
P257139,10,2016/12/1,2017/1/31, 按时交货,货品6,拒货,马来西亚,60,"85,44元"
P257145,10,2016/10/15,2017/1/15, 按时交货,货品6,质量合格,马来西亚,1,"1,92元"
P257145,20,2016/10/15,2017/1/15, 按时交货,货品6,质量合格,马来西亚,1,"23,07元"
P257208,10,2016/10/15,2017/1/15, 按时交货,货品2,质量合格,华东,4,"9,23元"
P257208,20,2016/10/15,2017/1/15, 按时交货,货品2,质量合格,华东,4,"32,18元"
P257209,10,2016/12/21,2017/3/21, 按时交货,货品5,质量合格,泰国,144,"262,89元"
P257239,10,2016/10/13,2017/1/13, 按时交货,货品6,质量合格,马来西亚,8,"13,84元"
P257356,10,2016/11/30,2017/1/30, 按时交货,货品2,拒货,华东,110,"49,47元"
P257356,20,2016/11/30,2017/1/30, 按时交货,货品2,拒货,华东,110,"49,47元"
P258069,10,2016/10/20,2017/1/20, 按时交货,货品3,质量合格,华北,266,"171,50元"
P258160,10,2016/12/1,2017/1/31, 按时交货,货品3,质量合格,华北,12,"7,92元"
P258182,10,2016/11/30,2017/1/30, 按时交货,货品6,拒货,马来西亚,10,"54,53元"
P259120,10,2016/10/15,2017/1/15, 按时交货,货品6,质量合格,马来西亚,1,"16,27元"
P259167,10,2016/12/1,2017/1/31, 按时交货,货品5,返修,泰国,1,"107,95元"
P259264,10,2016/12/1,2017/1/31, 按时交货,货品6,拒货,马来西亚,1,"17,43元"
P259264,20,2016/12/1,2017/1/31, 按时交货,货品6,拒货,马来西亚,2,"43,57元"
P259279,10,2016/11/10,2017/2/10, 按时交货,货品2,质量合格,华东,134,"10,05元"
P259279,20,2016/11/10,2017/2/10, 按时交货,货品2,质量合格,华东,134,"10,05元"
P259303,10,2016/12/19,2017/3/19, 按时交货,货品2,拒货,华东,2,"43,48元"
P259303,20,2016/12/19,2017/3/19, 按时交货,货品2,拒货,华东,2,"43,48元"
P259318,10,2016/10/29,2016/12/29, 按时交货,货品5,质量合格,泰国,1,"96,40元"
P259318,20,2016/10/29,2016/12/29, 晚交货,货品5,质量合格,泰国,1,"96,40元"
P260011,10,2016/12/30,2017/2/28, 按时交货,货品3,质量合格,华北,1,"48,19元"
P260079,10,2016/10/15,2017/1/15, 按时交货,货品6,质量合格,马来西亚,4,"13,33元"
P260081,50,2016/11/10,2017/2/10, 按时交货,货品3,质量合格,华北,1,"276,21元"
P260081,60,2016/11/10,2017/2/10, 按时交货,货品3,质量合格,华北,1,"329,59元"
P260100,10,2016/10/15,2017/1/15, 按时交货,货品6,质量合格,马来西亚,10,"10,24元"
P260105,10,2016/10/15,2017/1/15, 按时交货,货品6,质量合格,马来西亚,1,"30,76元"
P260970,10,2016/12/1,2017/1/31, 按时交货,货品5,质量合格,泰国,4,"107,81元"
P260970,20,2016/12/1,2017/1/31, 按时交货,货品5,质量合格,泰国,50,"134,48元"
P260975,10,2016/11/10,2017/2/10, 按时交货,货品6,返修,马来西亚,2,"44,99元"
P260975,20,2016/11/10,2017/2/10, 按时交货,货品2,返修,华东,2,"61,42元"
P261876,10,2016/12/1,2017/1/31, 按时交货,货品3,质量合格,华北,1,"151,64元"
P261891,10,2016/11/15,2017/2/15, 按时交货,货品3,质量合格,华北,2,"14,03元"
P261891,20,2016/11/15,2017/2/15, 按时交货,货品3,质量合格,华北,2,"14,03元"
P261893,10,2016/11/11,2017/2/11, 按时交货,货品3,质量合格,华北,1,"11,77元"
P261904,10,2016/12/30,2017/2/28, 按时交货,货品5,返修,泰国,5,"109,01元"
P261929,10,2016/12/1,2017/1/31, 按时交货,货品5,拒货,泰国,2,"69,98元"
P261929,40,2016/12/1,2017/1/31, 按时交货,货品5,拒货,泰国,1,"29,37元"
P262232,10,2016/12/1,2017/1/31, 按时交货,货品6,质量合格,马来西亚,1,"32,02元"
P262232,20,2016/12/1,2017/1/31, 按时交货,货品6,质量合格,马来西亚,1,"3,33元"
P263936,10,2016/12/30,2017/2/28, 晚交货,货品4,返修,西北,20,"668,51元"
P263958,10,2016/11/15,2017/2/15, 按时交货,货品2,质量合格,华东,191,"144,96元"
P263958,20,2016/11/15,2017/2/15, 按时交货,货品2,质量合格,华东,191,"144,96元"
P263985,10,2016/10/15,2017/1/15, 按时交货,货品3,质量合格,华北,1,"153,60元"
P268678,10,2016/11/15,2017/2/15, 晚交货,货品4,返修,西北,1,"755,45元"
P268732,10,2016/12/15,2017/3/15, 按时交货,货品5,质量合格,泰国,1,"226,92元"
P268736,10,2016/11/5,2017/2/5, 晚交货,货品5,质量合格,泰国,1,"345,05元"
P268751,10,2016/12/1,2017/1/31, 按时交货,货品3,拒货,华北,1,"96,42元"
P268754,10,2016/11/25,2017/1/25, 晚交货,货品6,质量合格,马来西亚,1,"52,46元"
P268755,10,2016/10/15,2017/1/15, 按时交货,货品3,质量合格,华北,2,"163,45元"
P268756,10,2016/10/15,2017/1/15, 按时交货,货品3,拒货,华北,1,"88,05元"
P268761,10,2016/11/5,2017/2/5, 晚交货,货品5,返修,泰国,1,"104,92元"
P268766,10,2016/12/1,2017/1/31, 按时交货,货品2,质量合格,华东,1,"14,62元"
P268769,10,2016/12/28,2017/2/28, 晚交货,货品6,拒货,马来西亚,1,"59,96元"
P268783,10,2016/12/1,2017/1/31, 按时交货,货品2,拒货,华东,1,"69,60元"
P268784,10,2016/10/15,2017/1/15, 按时交货,货品3,质量合格,华北,3,"12,88元"
P268785,10,2016/12/1,2017/1/31, 按时交货,货品2,拒货,华东,1,"74,95元"
P268823,10,2016/12/15,2017/3/15, 晚交货,货品4,返修,西北,20,"581,49元"
P268828,10,2016/11/15,2017/2/15, 按时交货,货品6,质量合格,马来西亚,1,"27,38元"
P268841,10,2016/12/15,2017/3/15, 按时交货,货品6,质量合格,马来西亚,1,"50,13元"
P269001,10,2016/11/15,2017/2/15, 按时交货,货品5,质量合格,泰国,1,"190,52元"
P269580,10,2016/10/15,2017/1/15, 按时交货,货品5,质量合格,泰国,1,"157,06元"
P269606,10,2016/12/1,2017/1/31, 晚交货,货品6,质量合格,马来西亚,313,"1012,31元"
P270687,10,2016/12/1,2017/1/31, 按时交货,货品6,质量合格,马来西亚,1,"1372,98元"
P270759,10,2016/12/1,2017/1/31, 按时交货,货品6,拒货,马来西亚,1,"76,44元"
P271594,10,2016/10/17,2017/1/17, 按时交货,货品2,质量合格,华东,2,"46,69元"
P272232,10,2016/12/1,2017/1/31, 按时交货,货品5,质量合格,泰国,1,"288,48元"
P272240,10,2016/12/15,2017/3/15, 晚交货,货品2,质量合格,华东,1,"237,89元"
P272240,10,2016/11/22,2017/2/22, 晚交货,货品2,质量合格,华东,1,"237,89元"
P272267,10,2016/12/1,2017/1/31, 按时交货,货品5,拒货,泰国,1,"98,19元"
P272359,10,2016/12/10,2017/3/10, 按时交货,货品3,质量合格,华北,1260,"333,83元"
P273040,10,2016/11/5,2017/2/5, 晚交货,货品6,质量合格,马来西亚,1,"32,21元"
P273050,10,2016/12/1,2017/1/31, 按时交货,货品3,返修,华北,1,"105,16元"
P273051,10,2016/11/30,2017/1/30, 按时交货,货品3,拒货,华北,2,"73,23元"
P273061,10,2016/12/30,2017/2/28, 晚交货,货品4,返修,西北,4,"583,53元"
P273122,10,2016/11/8,2017/2/8, 按时交货,货品3,质量合格,华北,2,"31,97元"
P273161,10,2016/11/15,2017/2/15, 按时交货,货品2,质量合格,华东,5,"24,10元"
P273202,10,2016/10/24,2017/1/24, 按时交货,货品5,质量合格,泰国,2,"205,51元"
P273339,10,2016/11/15,2017/2/15, 按时交货,货品3,质量合格,华北,1,"357,73元"
P273931,10,2016/12/30,2017/2/28, 按时交货,货品2,质量合格,华东,1,"11,07元"
P273980,10,2016/12/19,2017/3/19, 按时交货,货品2,质量合格,华东,4,"22,86元"
P273980,20,2016/12/19,2017/3/19, 按时交货,货品2,质量合格,华东,2,"4,60元"
P274062,20,2016/12/1,2017/1/31, 按时交货,货品3,质量合格,华北,21,"36,29元"
P274089,10,2016/12/30,2017/2/28, 按时交货,货品6,质量合格,马来西亚,1,"45,04元"
P274202,10,2016/11/15,2017/2/15, 按时交货,货品5,质量合格,泰国,1,"154,81元"
P274973,10,2016/11/15,2017/2/15, 按时交货,货品2,质量合格,华东,4,"76,73元"
P274973,20,2016/11/15,2017/2/15, 按时交货,货品2,质量合格,华东,4,"76,73元"
P275847,10,2016/11/30,2017/1/30, 按时交货,货品3,质量合格,华北,1,"306,49元"
P275918,10,2016/10/24,2017/1/24, 按时交货,货品2,质量合格,华东,2,"2307,36元"
P276849,10,2016/12/25,2017/2/25, 按时交货,货品3,质量合格,华北,1,"8,67元"
P277636,10,2016/12/15,2017/3/15, 按时交货,货品5,质量合格,泰国,5,"125,03元"
P277636,20,2016/12/15,2017/3/15, 按时交货,货品5,质量合格,泰国,5,"125,03元"
P277702,10,2016/12/1,2017/1/31, 晚交货,货品4,返修,西北,1,"788,26元"
P277720,10,2016/12/15,2017/3/15, 按时交货,货品5,质量合格,泰国,50,"79,01元"
P277720,20,2016/12/15,2017/3/15, 按时交货,货品5,质量合格,泰国,2,"71,60元"
P277851,10,2016/12/1,2017/1/31, 按时交货,货品2,质量合格,华东,2,"309,57元"
P277851,20,2016/12/1,2017/1/31, 按时交货,货品2,质量合格,华东,2,"1031,91元"
P277861,10,2016/11/15,2017/2/15, 按时交货,货品3,质量合格,华北,1,"296,18元"
P277941,10,2016/12/25,2017/2/25, 按时交货,货品2,拒货,华东,6000,"87,69元"
P278712,10,2016/12/1,2017/1/31, 按时交货,货品6,质量合格,马来西亚,1,"6,31元"
P278911,10,2016/12/30,2017/2/28, 按时交货,货品6,质量合格,马来西亚,1,"1289,40元"
P279648,10,2016/12/30,2017/2/28, 按时交货,货品2,质量合格,华东,1,"439,20元"
P279759,10,2016/12/30,2017/2/28, 按时交货,货品4,返修,西北,1,"732,34元"
P279861,10,2016/11/15,2017/2/15, 按时交货,货品2,拒货,华东,1,"80,28元"
P280441,10,2016/12/30,2017/2/28, 按时交货,货品3,质量合格,华北,4,"16,53元"
P280444,10,2016/11/21,2017/2/21, 按时交货,货品5,质量合格,泰国,1,"341,10元"
P280484,10,2016/11/15,2017/2/15, 按时交货,货品2,质量合格,华东,400,"44,84元"
P280551,10,2016/12/30,2017/2/28, 按时交货,货品6,拒货,马来西亚,1,"79,42元"
P280616,10,2016/11/15,2017/2/15, 按时交货,货品3,质量合格,华北,1,"11,09元"
P280616,20,2016/11/15,2017/2/15, 按时交货,货品3,质量合格,华北,1,"22,57元"
P280643,10,2016/11/15,2017/2/15, 按时交货,货品2,质量合格,华东,10,"10,09元"
P280643,20,2016/11/15,2017/2/15, 按时交货,货品2,质量合格,华东,10,"12,61元"
P280755,10,2016/11/15,2017/2/15, 按时交货,货品6,拒货,马来西亚,20,"27,74元"
P280755,20,2016/11/15,2017/2/15, 按时交货,货品6,拒货,马来西亚,20,"27,74元"
P281788,10,2016/12/30,2017/2/28, 按时交货,货品4,返修,西北,1000,"432,44元"
P281788,20,2016/12/30,2017/2/28, 按时交货,货品4,返修,西北,20,"5,04元"
P281886,10,2016/12/30,2017/2/28, 按时交货,货品5,质量合格,泰国,60,"191,36元"
P282490,10,2016/12/30,2017/2/28, 按时交货,货品2,返修,华东,11500,"8109,03元"
P283061,10,2016/11/15,2017/2/15, 按时交货,货品2,质量合格,华东,2,"401,38元"
P283087,10,2016/11/15,2017/2/15, 晚交货,货品4,返修,西北,1,"813,40元"
P283088,10,2016/12/30,2017/2/28, 按时交货,货品2,质量合格,华东,1,"738,65元"
P283143,10,2016/12/15,2017/3/15, 按时交货,货品6,质量合格,马来西亚,1,"17,42元"
P283176,10,2016/12/30,2017/2/28, 按时交货,货品6,质量合格,马来西亚,1,"2121,25元"
P283614,10,2016/11/7,2017/2/7, 晚交货,货品3,质量合格,华北,1,"323,45元"
P283645,10,2016/12/30,2017/2/28, 按时交货,货品4,质量合格,西北,2,"275,71元"
P283645,20,2016/12/30,2017/2/28, 按时交货,货品4,质量合格,西北,2,"275,71元"
P283682,10,2016/11/15,2017/2/15, 按时交货,货品2,返修,华东,12,"98,65元"
P283682,30,2016/11/15,2017/2/15, 按时交货,货品2,返修,华东,7,"3,81元"
P283742,10,2016/11/15,2017/2/15, 按时交货,货品2,质量合格,华东,2,"4,17元"
P283742,20,2016/11/15,2017/2/15, 按时交货,货品2,质量合格,华东,2,"4,17元"
P284413,10,2016/11/15,2017/2/15, 按时交货,货品2,拒货,华东,1,"96,10元"
P284435,10,2016/12/29,2017/2/28, 按时交货,货品4,质量合格,西北,8,"429,65元"
P284435,20,2016/12/29,2017/2/28, 按时交货,货品4,质量合格,西北,1,"6,32元"
P284597,10,2016/11/20,2017/2/20, 晚交货,货品2,质量合格,华东,2,"223,17元"
P284628,10,2016/11/15,2017/2/15, 晚交货,货品6,质量合格,马来西亚,1,"1388,02元"
P285361,10,2016/12/5,2017/3/5, 按时交货,货品5,质量合格,泰国,6,"119,31元"
P285366,10,2016/12/15,2017/3/15, 按时交货,货品3,质量合格,华北,300,"273,73元"
P285384,10,2016/11/15,2017/2/15, 晚交货,货品5,质量合格,泰国,1,"340,70元"
P285393,10,2016/12/9,2017/3/9, 按时交货,货品2,拒货,华东,2,"1,48元"
P286525,10,2016/12/15,2017/3/15, 按时交货,货品4,质量合格,西北,1,"731,74元"
P286535,10,2016/11/15,2017/2/15, 按时交货,货品6,质量合格,马来西亚,1,"10,09元"
P286572,10,2016/12/30,2017/2/28, 按时交货,货品6,质量合格,马来西亚,798,"1315,75元"
P286572,20,2016/12/30,2017/2/28, 按时交货,货品6,质量合格,马来西亚,12,"13,27元"
P286609,10,2016/11/15,2017/2/15, 按时交货,货品3,返修,华北,2,"107,78元"
P287430,10,2016/12/20,2017/3/20, 按时交货,货品2,质量合格,华东,1,"457,37元"
P287430,20,2016/12/20,2017/3/20, 按时交货,货品2,质量合格,华东,1,"457,37元"
P287440,10,2016/12/15,2017/3/15, 按时交货,货品2,质量合格,华东,1,"53,61元"
P287556,10,2016/12/30,2017/2/28, 按时交货,货品2,质量合格,华东,1,"1945,87元"
P287666,10,2016/11/15,2017/2/15, 晚交货,货品6,质量合格,马来西亚,2,"1208,86元"
P287684,10,2016/11/20,2017/2/20, 按时交货,货品2,质量合格,华东,2,"2095,33元"
P288561,10,2016/11/15,2017/2/15, 按时交货,货品2,质量合格,华东,2,"201,59元"
P289277,10,2016/11/15,2017/2/15, 按时交货,货品6,拒货,马来西亚,1,"75,44元"
P290202,10,2016/12/25,2017/2/25, 按时交货,货品3,返修,华北,1,"55,11元"
P290202,20,2016/12/25,2017/2/25, 按时交货,货品3,返修,华北,1,"55,11元"
P290211,10,2016/12/30,2017/2/28, 按时交货,货品5,质量合格,泰国,1,"23,30元"
P290211,20,2016/12/30,2017/2/28, 按时交货,货品5,质量合格,泰国,1,"169,47元"
P290256,10,2016/12/30,2017/2/28, 按时交货,货品5,质量合格,泰国,1,"223,38元"
P290256,20,2016/12/30,2017/2/28, 按时交货,货品5,质量合格,泰国,1,"305,68元"
P290265,10,2016/12/8,2017/3/8, 按时交货,货品2,返修,华东,1,"3014,56元"
P290265,20,2016/12/8,2017/3/8, 按时交货,货品2,返修,华东,1,"628,03元"
P290801,10,2016/11/20,2017/2/20, 晚交货,货品3,质量合格,华北,2,"128,32元"
P290822,10,2016/11/21,2017/2/21, 按时交货,货品2,质量合格,华东,2,"120,20元"
P290916,10,2016/12/30,2017/2/28, 按时交货,货品6,质量合格,马来西亚,3,"5,23元"
P290916,20,2016/12/30,2017/2/28, 按时交货,货品6,质量合格,马来西亚,3,"4,52元"
P291696,10,2016/12/21,2017/3/21, 晚交货,货品3,质量合格,华北,1,"21,19元"
P291703,10,2016/12/30,2017/2/28, 按时交货,货品6,拒货,马来西亚,1254,"73,15元"
P291832,10,2016/12/30,2017/2/28, 按时交货,货品5,质量合格,泰国,1,"154,49元"
P292669,10,2016/12/30,2017/2/28, 按时交货,货品2,质量合格,华东,1,"890,61元"
P293768,10,2016/12/30,2017/2/28, 按时交货,货品2,质量合格,华东,1,"294,87元"
P296487,10,2016/11/1,2017/2/1, 晚交货,货品6,质量合格,马来西亚,1,"2178,60元"
P296511,10,2016/12/29,2017/2/28, 按时交货,货品6,质量合格,马来西亚,1,"22,97元"
P297500,10,2016/12/9,2017/3/9, 按时交货,货品3,质量合格,华北,1,"533,97元"
P297641,10,2016/12/15,2017/3/15, 按时交货,货品6,质量合格,马来西亚,1,"44,59元"
P299789,10,2016/12/14,2017/3/14, 按时交货,货品2,质量合格,华东,1,"26,05元"
P299791,10,2016/12/9,2017/3/9, 按时交货,货品2,质量合格,华东,3,"297,44元"
P299901,10,2016/12/15,2017/3/15, 按时交货,货品6,质量合格,马来西亚,2,"200,41元"
P302956,10,2016/12/22,2017/3/22, 按时交货,货品2,拒货,华东,20,"79,44元"
P303801,10,2016/12/15,2017/3/15, 按时交货,货品2,质量合格,华东,1,"194,08元"
P307276,10,2016/12/22,2017/3/22, 按时交货,货品6,质量合格,马来西亚,1,"32,18元"
P314165,10,2016/12/20,2017/3/20, 按时交货,货品2,质量合格,华东,1,"1720,92元"
